{
    "title": "Baihua_egm_data_20250101_180540.json",
    "chip_info": {
        "chip_name": "Baihua",
        "rows": 13,
        "columns": 13
    },
    "qubit_index_list": [
        0,
        1,
        2,
        3,
        13,
        14,
        15,
        16,
        26,
        27,
        28,
        29
    ],
    "qubit_connectivity": [
        [
            0,
            1
        ],
        [
            1,
            2
        ],
        [
            2,
            3
        ],
        [
            13,
            14
        ],
        [
            14,
            15
        ],
        [
            15,
            16
        ],
        [
            26,
            27
        ],
        [
            27,
            28
        ],
        [
            28,
            29
        ]
    ],
    "results": {
        "res_egmq1_rb": {
            "qubit_0": {
                "error_rate": 0.0012230631708667894
            },
            "qubit_1": {
                "error_rate": 0.001419302027361069
            },
            "qubit_2": {
                "error_rate": 0.001542898667256376
            },
            "qubit_3": {
                "error_rate": 0.0016105341460505018
            },
            "qubit_13": {
                "error_rate": 0.0018431957081626038
            },
            "qubit_14": {
                "error_rate": 0.0013337522496432164
            },
            "qubit_15": {
                "error_rate": 0.0014649723105088497
            },
            "qubit_16": {
                "error_rate": 0.0016573367611712464
            },
            "qubit_26": {
                "error_rate": 0.0014594024275392803
            },
            "qubit_27": {
                "error_rate": 0.0015920500067990728
            },
            "qubit_28": {
                "error_rate": 0.0014107491413037354
            },
            "qubit_29": {
                "error_rate": 0.0015117342671132628
            }
        },
        "res_egmq1_xeb": {
            "hardware": [
                0.0027735774841859406,
                0.0038239491935485592,
                0.0009690177935714472,
                0.010268361079045996,
                0.015378715821039557,
                0.01096852037661189,
                0.008487672500869403,
                0.010727017620379198,
                0.012077740923273295,
                0.005778281360174553,
                0.009479774603569635,
                0.008466506812864594
            ],
            "use_fake_data": null
        },
        "res_egmq1_csbp2x": {
            "process_infidelities": [
                0.004160178773442658,
                0.004555118026190241,
                0.004335108326029458,
                0.004321128911293437,
                0.004846649734323805,
                0.0037769362919028993,
                0.004082882560367818,
                0.0047921610572099205,
                0.004192899440870423,
                0.0027679354168290704,
                0.004347598939615893,
                0.004150162423248394
            ],
            "stochastic_infidelities": [
                0.004153330693953405,
                0.004548007666439369,
                0.004325653073180891,
                0.004311480296973369,
                0.004833785253939071,
                0.003769127527675886,
                0.004077554400753081,
                0.0047839450874930245,
                0.004186752681308525,
                0.0027640049396485677,
                0.0043402334215412175,
                0.004140720385027552
            ],
            "angle_errors": [
                0.002190877060891605,
                0,
                0,
                0.0037173853707561655,
                0.004161891894900682,
                0.003598962336976097,
                0,
                0.0007207087970628745,
                0.0018177745410452584,
                0,
                0,
                0.0039315940505813
            ],
            "process_infidelity_avg": 0.004194063325110335,
            "stochastic_infidelity_avg": 0.0041862162856611635,
            "angle_error_avg": 0.001678266171017832
        },
        "res_egmq2_rb": {
            "[0, 1]": {
                "error_rate": 0.014732226395499037
            },
            "[1, 2]": {
                "error_rate": 0.015116154703083251
            },
            "[2, 3]": {
                "error_rate": 0.01612529768916729
            },
            "[13, 14]": {
                "error_rate": 0.015181928527853855
            },
            "[14, 15]": {
                "error_rate": 0.015141513300604675
            },
            "[15, 16]": {
                "error_rate": 0.014684309925957206
            },
            "[26, 27]": {
                "error_rate": 0.014880478370501937
            },
            "[27, 28]": {
                "error_rate": 0.015171241295311333
            },
            "[28, 29]": {
                "error_rate": 0.013975164429511716
            },
            "average_error_rate": 0.015000923848610034
        },
        "res_egmq2_xeb": {
            "hardware": [
                0.35385726781304483,
                0.1694947586366055,
                0.16310589785615948,
                0.18182045764603932,
                0.1478882852740374,
                0.07961783070693901,
                0.2932534533238547,
                0.2196624821000979,
                0.21872829534075708
            ],
            "use_fake_data": null
        },
        "res_egmq2_csb_cz": {
            "source": "noisysimulation",
            "qubit_pairs_results": [
                {
                    "process_infidelity": 0.0005183159266299864,
                    "stochastic_infidelity": 0.00025919155344567013,
                    "theta_error": 0.07245570678801494,
                    "phi_error": 0.0
                },
                {
                    "process_infidelity": 0.0004896604291998452,
                    "stochastic_infidelity": 0.00024486019285696603,
                    "theta_error": 0.07234514223747857,
                    "phi_error": 0.0
                },
                {
                    "process_infidelity": 0.000427785566199268,
                    "stochastic_infidelity": 0.00021391566305506426,
                    "theta_error": 0.07234770908468313,
                    "phi_error": 0.0
                },
                {
                    "process_infidelity": 0.0004961602991389036,
                    "stochastic_infidelity": 0.0002481109290860539,
                    "theta_error": 0.0722727904320668,
                    "phi_error": 0.0
                },
                {
                    "process_infidelity": 0.0004732103017258682,
                    "stochastic_infidelity": 0.00023663314848643147,
                    "theta_error": 0.07250759241476201,
                    "phi_error": 0.0
                },
                {
                    "process_infidelity": 0.00048458018350427956,
                    "stochastic_infidelity": 0.00024231945111030662,
                    "theta_error": 0.0726131341446532,
                    "phi_error": 0.0
                },
                {
                    "process_infidelity": 0.0005002495247296013,
                    "stochastic_infidelity": 0.0002501560513897827,
                    "theta_error": 0.07241677848231864,
                    "phi_error": 0.0
                },
                {
                    "process_infidelity": 0.0005007652518934647,
                    "stochastic_infidelity": 0.0002504139795272975,
                    "theta_error": 0.07248470666614049,
                    "phi_error": 0.0
                },
                {
                    "process_infidelity": 0.0004968607291389038,
                    "stochastic_infidelity": 0.0002484612310611478,
                    "theta_error": 0.0722726401443623,