{
    "title": "QXX_egm_data_20250102_135708.json",
    "chip_info": {
        "chip_name": "QXX",
        "rows": 10,
        "columns": 10
    },
    "qubit_index_list": [
        0,
        1,
        2,
        3,
        4,
        5,
        6,
        7,
        8
    ],
    "qubit_connectivity": [
        [
            0,
            1
        ],
        [
            1,
            2
        ],
        [
            2,
            3
        ],
        [
            3,
            4
        ],
        [
            4,
            5
        ],
        [
            5,
            6
        ],
        [
            6,
            7
        ],
        [
            7,
            8
        ]
    ],
    "results": {
        "res_egmq1_rb": {
            "qubit_0": {
                "error_rate": 0.0016607954120519963
            },
            "qubit_1": {
                "error_rate": 0.0016714308549174994
            },
            "qubit_2": {
                "error_rate": 0.0014693994284920575
            },
            "qubit_3": {
                "error_rate": 0.0013986381735510145
            },
            "qubit_4": {
                "error_rate": 0.0013733524760041194
            },
            "qubit_5": {
                "error_rate": 0.0013378942125872872
            },
            "qubit_6": {
                "error_rate": 0.0013575518621347094
            },
            "qubit_7": {
                "error_rate": 0.001651424575947802
            },
            "qubit_8": {
                "error_rate": 0.001374619720735215
            }
        },
        "res_egmq1_xeb": {
            "hardware": [
                0.0002536272891899838,
                0.012519972934157353,
                0.008211487469121537,
                0.0,
                0.002478103319725644,
                0.00310148963012008,
                0.017032197645373448,
                0.01789772281694324,
                0.013114817544774782
            ],
            "use_fake_data": null
        },
        "res_egmq1_csbp2x": {
            "process_infidelities": [
                0.004981010339705438,
                0.0049207414834149255,
                1.0,
                0.004104005391151189,
                0.004744631525390064,
                0.0036220350457223383,
                0.004123188731471328,
                0.004935426617680205,
                0.0043401717648652305
            ],
            "stochastic_infidelities": [
                0.004970513035456259,
                0.004911670790766154,
                0.29312814104537466,
                0.004097242678559709,
                0.0047363170895375895,
                0.003616532947151807,
                0.004117827857559431,
                0.0049250451752050894,
                0.004333553434275106
            ],
            "angle_errors": [
                0,
                0.0006490588874608072,
                0,
                0,
                0,
                0.00022880084458809513,
                0.0002488242667255669,
                0.0028067370780753276,
                0.0013735623498563054
            ],
            "process_infidelity_avg": 0.11508569009993343,
            "stochastic_infidelity_avg": 0.036537427117098425,
            "angle_error_avg": 0.0005896648251895669
        },
        "res_egmq2_rb": {
            "[0, 1]": {
                "error_rate": 0.005969645605112289
            },
            "[1, 2]": {
                "error_rate": 0.005829061948033454
            },
            "[2, 3]": {
                "error_rate": 0.006165065385617341
            },
            "[3, 4]": {
                "error_rate": 0.0054636441067753005
            },
            "[4, 5]": {
                "error_rate": 0.006019117745813929
            },
            "[5, 6]": {
                "error_rate": 0.005126072200613813
            },
            "[6, 7]": {
                "error_rate": 0.005713445902919695
            },
            "[7, 8]": {
                "error_rate": 0.005734278853176844
            },
            "average_error_rate": 0.005752541468507833
        },
        "res_egmq2_xeb": {
            "hardware": [
                0.13363707906982222,
                0.143244360030139,
                0.22131151263115484,
                0.2328315276106938,
                0.36324284605065255,
                0.15520329663472252,
                0.1955015766337664,
                0.12994901730248473
            ],
            "use_fake_data": null
        },
        "res_egmq2_csb_cz": {
            "source": "noisysimulation",
            "qubit_pairs_results": [
                {
                    "process_infidelity": 0.0004917390808519828,
                    "stochastic_infidelity": 0.00024589977377531547,
                    "theta_error": 0.07238356130709533,
                    "phi_error": 0.0
                },
                {
                    "process_infidelity": 0.0004855135648440534,
                    "stochastic_infidelity": 0.0002427862550048454,
                    "theta_error": 0.07259786233997856,
                    "phi_error": 0.0
                },
                {
                    "process_infidelity": 0.0005212657352298145,
                    "stochastic_infidelity": 0.00026066684121595074,
                    "theta_error": 0.07256964422266865,
                    "phi_error": 0.0
                },
                {
                    "process_infidelity": 0.0004939884834741504,
                    "stochastic_infidelity": 0.00024702475235116594,
                    "theta_error": 0.07244285169551157,
                    "phi_error": 0.0
                },
                {
                    "process_infidelity": 0.0004710451462820453,
                    "stochastic_infidelity": 0.00023555031511646174,
                    "theta_error": 0.07245472964997335,
                    "phi_error": 0.0
                },
                {
                    "process_infidelity": 0.000503450677540096,
                    "stochastic_infidelity": 0.0002517570295710314,
                    "theta_error": 0.07276648917396811,
                    "phi_error": 0.0
                },
                {
                    "process_infidelity": 0.0004677105586797792,
                    "stochastic_infidelity": 0.00023388262988222053,
                    "theta_error": 0.0725666363893942,
                    "phi_error": 0.0
                },
                {
                    "process_infidelity": 0.00044435757447158775,
                    "stochastic_infidelity": 0.00022220347442780675,
                    "theta_error": 0.07256147302304283,
                    "phi_error": 0.0
                }
            ]
        },
        "res_egmqm_ghz": {
            "fidelity": [
                0.9966774732282391,
                0.9949844153010197,
                0.9931516134596275,
                0.9910997652348208,
                0.9890398330984101,
                0.9878167795143857
            ],
            "qubit_index": [
                0,
                1,
                2,
                3,
                4,
                5,
                6,
                7,
                8
            ],
            "source": "noisysimulation"
        },
        "res_egmqm_stqv": {
            "nqubits_nqubits_2": {
                "total_qubits": 2,
                "quantum_volume": 4,
                "error": null,
                "fidelity": null
            },
            "nqubits_nqubits_3": {
                "total_qubits": 3,
                "quantum_volume": 8,
                "error": null,
                "fidelity": null
            },
            "nqubits_nqubits_4": {
                "total_qubits": 4,
                "quantum_volume": 0,
                "error": null,
                "fidelity": null
            },
            "nqubits_nqubits_5": {
                "total_qubits": 5,