{
    "title": "QXX_egm_data_20250101_210418.json",
    "chip_info": {
        "chip_name": "QXX",
        "rows": 5,
        "columns": 5
    },
    "qubit_index_list": [
        0,
        1,
        2,
        5,
        6,
        7,
        10,
        11,
        12
    ],
    "qubit_connectivity": [
        [
            0,
            1
        ],
        [
            1,
            2
        ],
        [
            5,
            6
        ],
        [
            6,
            7
        ],
        [
            10,
            11
        ],
        [
            11,
            12
        ]
    ],
    "results": {
        "res_egmq1_rb": {
            "qubit_0": {
                "error_rate": 0.0016010494853112012
            },
            "qubit_1": {
                "error_rate": 0.0017024897593911903
            },
            "qubit_2": {
                "error_rate": 0.0016336981598230604
            },
            "qubit_5": {
                "error_rate": 0.0012523229699686889
            },
            "qubit_6": {
                "error_rate": 0.0013720273404004835
            },
            "qubit_7": {
                "error_rate": 0.002035756779932396
            },
            "qubit_10": {
                "error_rate": 0.0015587338837322884
            },
            "qubit_11": {
                "error_rate": 0.0013542727635607599
            },
            "qubit_12": {
                "error_rate": 0.0011317976186787648
            }
        },
        "res_egmq1_xeb": {
            "hardware": [
                0.011826303953616557,
                0.007965482176854999,
                0.006735396532552618,
                0.015200094061513347,
                0.0013832564438348571,
                0.015904588884782744,
                0.008984495282037763,
                0.00986428970929304,
                0.0061366296684023935
            ],
            "use_fake_data": null
        },
        "res_egmq1_csbp2x": {
            "process_infidelities": [
                0.004652661375429745,
                0.0033770242845490017,
                0.004573890503402289,
                0.003990455805599202,
                0.004501407975075922,
                0.0043505457535195635,
                0.003975447774012375,
                0.004017733764229092,
                0.005830702834222934
            ],
            "stochastic_infidelities": [
                0.004638859504834225,
                0.003370710660898335,
                0.004564269697100665,
                0.0039846758871462384,
                0.004492041617170206,
                0.004343587545358352,
                0.003968191492805473,
                0.0040114072559808145,
                0.005819730003310486
            ],
            "angle_errors": [
                0.005046958551094161,
                0,
                0,
                0.0013836791363779355,
                0,
                0,
                0.002782808634401057,
                0,
                0
            ],
            "process_infidelity_avg": 0.004363318896671125,
            "stochastic_infidelity_avg": 0.004354830407178311,
            "angle_error_avg": 0.001023716257985906
        },
        "res_egmq2_rb": {
            "[0, 1]": {
                "error_rate": 0.005554647549393804
            },
            "[1, 2]": {
                "error_rate": 0.005658211520929768
            },
            "[5, 6]": {
                "error_rate": 0.006100445454447823
            },
            "[6, 7]": {
                "error_rate": 0.0058875006187733
            },
            "[10, 11]": {
                "error_rate": 0.005540004492884554
            },
            "[11, 12]": {
                "error_rate": 0.005861276950545308
            },
            "average_error_rate": 0.005767014431162426
        },
        "res_egmq2_xeb": {
            "hardware": [
                0.0940173081339373,
                0.15797837183166014,
                0.1334938428198339,
                0.1469318489608631,
                0.12102696143249342,
                0.15753395801324116
            ],
            "use_fake_data": null
        },
        "res_egmq2_csb_cz": {
            "source": "noisysimulation",
            "qubit_pairs_results": [
                {
                    "process_infidelity": 0.0005195124369957727,
                    "stochastic_infidelity": 0.00025978996391051723,
                    "theta_error": 0.0722508699131259,
                    "phi_error": 0.0
                },
                {
                    "process_infidelity": 0.0005038319322633322,
                    "stochastic_infidelity": 0.00025194770495473584,
                    "theta_error": 0.07232272635009229,
                    "phi_error": 0.0
                },
                {
                    "process_infidelity": 0.0004939123563402203,
                    "stochastic_infidelity": 0.0002469866793800568,
                    "theta_error": 0.0724064604190282,
                    "phi_error": 0.0
                },
                {
                    "process_infidelity": 0.0004869874401219887,
                    "stochastic_infidelity": 0.00024352337187727446,
                    "theta_error": 0.07241357464167342,
                    "phi_error": 0.0
                },
                {
                    "process_infidelity": 0.0004580851366186023,
                    "stochastic_infidelity": 0.00022906880456796674,
                    "theta_error": 0.07226545677742857,
                    "phi_error": 0.0
                },
                {
                    "process_infidelity": 0.00039040399280532156,
                    "stochastic_infidelity": 0.00019522105203229057,
                    "theta_error": 0.07237418701918452,
                    "phi_error": 0.0
                }
            ]
        },
        "res_egmqm_ghz": {
            "fidelity": [
                0.996705041474803,
                0.994669806462816,
                0.992891972940251,
                0.9914975761295874,
                0.9896583893449724,
                0.9874740934838382
            ],
            "qubit_index": [
                0,
                1,
                2,
                5,
                6,
                7,
                10,
                11,
                12
            ],
            "source": "noisysimulation"
        },
        "res_egmqm_stqv": {
            "nqubits_nqubits_2": {
                "total_qubits": 2,
                "quantum_volume": 4,
                "error": null,
                "fidelity": null
            },
            "nqubits_nqubits_3": {
                "total_qubits": 3,
                "quantum_volume": 8,
                "error": null,
                "fidelity": null
            },
            "nqubits_nqubits_4": {
                "total_qubits": 4,
                "quantum_volume": 0,
                "error": null,
                "fidelity": null
            },
            "nqubits_nqubits_5": {
                "total_qubits": 5,
                "quantum_volume": 32,
                "error": null,
                "fidelity": null
            }
        }
    }
}