{
    "title": "QXX_egm_data_20250102_122403.json",
    "chip_info": {
        "chip_name": "QXX",
        "rows": 10,
        "columns": 10
    },
    "qubit_index_list": [
        0,
        1,
        2,
        10,
        11,
        12,
        20,
        21,
        22
    ],
    "qubit_connectivity": [
        [
            0,
            1
        ],
        [
            1,
            2
        ],
        [
            10,
            11
        ],
        [
            11,
            12
        ],
        [
            20,
            21
        ],
        [
            21,
            22
        ]
    ],
    "results": {
        "res_egmq1_rb": {
            "qubit_0": {
                "error_rate": 0.0013800025565262608
            },
            "qubit_1": {
                "error_rate": 0.0016084798616828322
            },
            "qubit_2": {
                "error_rate": 0.0014938239747824822
            },
            "qubit_10": {
                "error_rate": 0.0012576875429939904
            },
            "qubit_11": {
                "error_rate": 0.001300295076604896
            },
            "qubit_12": {
                "error_rate": 0.001968043767707428
            },
            "qubit_20": {
                "error_rate": 0.0015347646771870505
            },
            "qubit_21": {
                "error_rate": 0.0017512848726978225
            },
            "qubit_22": {
                "error_rate": 0.001286880898368148
            }
        },
        "res_egmq1_xeb": {
            "hardware": [
                0.013415796319183715,
                0.0003609733828365824,
                0.003373806578523819,
                0.013516648911512885,
                0.00029680113810176545,
                0.0019989900656486315,
                0.008551992711685275,
                0.009787075177519311,
                0.0058066881841659646
            ],
            "use_fake_data": null
        },
        "res_egmq1_csbp2x": {
            "process_infidelities": [
                0.004233478640300659,
                0.003577272900822992,
                0.003876128474853635,
                0.0037981408378673365,
                0.004424864556924368,
                0.003944794346669056,
                0.005040616907233342,
                0.00414264034174705,
                0.003960369052266488
            ],
            "stochastic_infidelities": [
                0.004226706642279976,
                0.0035707952950039257,
                0.003871954043745851,
                0.003792600408393021,
                0.004417041664406374,
                0.003939336095398427,
                0.00503137829452327,
                0.0041303887915742354,
                0.003954466013835645
            ],
            "angle_errors": [
                0,
                0,
                0.0005821615328838181,
                0,
                0.001414667852437601,
                0,
                0,
                0.005581440618775968,
                0
            ],
            "process_infidelity_avg": 0.004110922895409436,
            "stochastic_infidelity_avg": 0.004103851916573414,
            "angle_error_avg": 0.0008420300004552653
        },
        "res_egmq2_rb": {
            "[0, 1]": {
                "error_rate": 0.005627219504429459
            },
            "[1, 2]": {
                "error_rate": 0.005323794529250775
            },
            "[10, 11]": {
                "error_rate": 0.005722466803038756
            },
            "[11, 12]": {
                "error_rate": 0.005902630412621818
            },
            "[20, 21]": {
                "error_rate": 0.005623694990801176
            },
            "[21, 22]": {
                "error_rate": 0.00526659195734247
            },
            "average_error_rate": 0.005577733032914076
        },
        "res_egmq2_xeb": {
            "hardware": [
                0.18092925381329092,
                0.36195084167880154,
                0.28800070113476767,
                0.19134162140659924,
                0.16454574001647201,
                0.3982923445153727
            ],
            "use_fake_data": null
        },
        "res_egmq2_csb_cz": {
            "source": "noisysimulation",
            "qubit_pairs_results": [
                {
                    "process_infidelity": 0.0004981310692404595,
                    "stochastic_infidelity": 0.0002490965591681604,
                    "theta_error": 0.0725037789925338,
                    "phi_error": 0.0
                },
                {
                    "process_infidelity": 0.0004802297767417807,
                    "stochastic_infidelity": 0.00024014372287473051,
                    "theta_error": 0.0726823832971717,
                    "phi_error": 0.0
                },
                {
                    "process_infidelity": 0.0005202988229878747,
                    "stochastic_infidelity": 0.0002601832591581088,
                    "theta_error": 0.07240578443437506,
                    "phi_error": 0.0
                },
                {
                    "process_infidelity": 0.0005327614014175586,
                    "stochastic_infidelity": 0.0002664161895017392,
                    "theta_error": 0.07221895980434345,
                    "phi_error": 0.0
                },
                {
                    "process_infidelity": 0.0005148236229745029,
                    "stochastic_infidelity": 0.00025744495043855675,
                    "theta_error": 0.07232415268729175,
                    "phi_error": 0.0
                },
                {
                    "process_infidelity": 0.0005082186219645957,
                    "stochastic_infidelity": 0.0002541416049599565,
                    "theta_error": 0.07242209023045953,
                    "phi_error": 0.0
                }
            ]
        },
        "res_egmqm_ghz": {
            "fidelity": [
                0.9968934756862972,
                0.9950688538605323,
                0.9930679298791285,
                0.9912803864607455,
                0.989528561640839,
                0.9871781341092951
            ],
            "qubit_index": [
                0,
                1,
                2,
                10,
                11,
                12,
                20,
                21,
                22
            ],
            "source": "noisysimulation"
        },
        "res_egmqm_stqv": {
            "nqubits_nqubits_2": {
                "total_qubits": 2,
                "quantum_volume": 4,
                "error": null,
                "fidelity": null
            },
            "nqubits_nqubits_3": {
                "total_qubits": 3,
                "quantum_volume": 8,
                "error": null,
                "fidelity": null
            },
            "nqubits_nqubits_4": {
                "total_qubits": 4,
                "quantum_volume": 0,
                "error": null,
                "fidelity": null
            },
            "nqubits_nqubits_5": {
                "total_qubits": 5,
                "quantum_volume": 0,
                "error": null,
                "fidelity": null
            }
        }
    }
}