{
    "title": "Baihua_egm_data_20250325_191718.json",
    "chip_info": {
        "chip_name": "Baihua",
        "rows": 12,
        "columns": 13
    },
    "qubit_index_list": [
        0,
        1,
        2,
        3,
        4,
        5,
        6,
        7,
        8
    ],
    "qubit_connectivity": [
        [
            0,
            1
        ],
        [
            1,
            2
        ],
        [
            2,
            3
        ],
        [
            3,
            4
        ],
        [
            4,
            5
        ],
        [
            5,
            6
        ],
        [
            6,
            7
        ],
        [
            7,
            8
        ]
    ],
    "results": {
        "res_egmq1_rb": {
            "qubit_0": {
                "error_rate": 0.0022148107483621615
            },
            "qubit_1": {
                "error_rate": 0.024067546883727975
            },
            "qubit_2": {
                "error_rate": 0.01721956648951628
            },
            "qubit_3": {
                "error_rate": 0.016693808074482452
            },
            "qubit_4": {
                "error_rate": 0.008262544830212826
            },
            "qubit_5": {
                "error_rate": 0.011143001666822805
            },
            "qubit_6": {
                "error_rate": 0.025141317287408427
            },
            "qubit_7": {
                "error_rate": 0.0047724898037082575
            },
            "qubit_8": {
                "error_rate": 0.007596498606525115
            }
        },
        "res_egmq1_xeb": {
            "hardware": [
                0.03269064071874822,
                0.006202659001778188,
                0.3702202972600925,
                0.09900528548993803,
                0.0,
                0.0,
                0.03879759796493226,
                0.3876712410776329,
                0.058313060905948844
            ],
            "use_fake_data": null
        },
        "res_egmq1_csbp2x": {
            "process_infidelities": [
                0.00012508247900255842,
                0.005616131420223103,
                0.040672705072233084,
                0.005615490343879204,
                0.0007341961217284254,
                0.0008702563789446671,
                0.039701177725564474,
                0.04065820486905136,
                0.0009311358433198302
            ],
            "stochastic_infidelities": [
                0.00012495927774158755,
                0.0056071088215573495,
                0.04022242834719203,
                0.005605272732482458,
                0.0007339668766053187,
                0.0008698952322206965,
                0.03908271128726026,
                0.040069925129278094,
                0.0009309423179395537
            ],
            "angle_errors": [
                0,
                5.210638143626767e-05,
                0,
                0.0014448753380191803,
                0.0007329164097480412,
                0,
                0.0007411293480108494,
                0,
                0.00038983036554118833
            ],
            "process_infidelity_avg": 0.01499159780599408,
            "stochastic_infidelity_avg": 0.014805245558030818,
            "angle_error_avg": 0.0003734286491950585
        }
    }
}