{
    "title": "Baihua_egm_data_20250325_152249.json",
    "chip_info": {
        "chip_name": "Baihua",
        "rows": 12,
        "columns": 13
    },
    "qubit_index_list": [
        0,
        1,
        2,
        3,
        4,
        5,
        6,
        7,
        8
    ],
    "qubit_connectivity": [
        [
            0,
            1
        ],
        [
            1,
            2
        ],
        [
            2,
            3
        ],
        [
            3,
            4
        ],
        [
            4,
            5
        ],
        [
            5,
            6
        ],
        [
            6,
            7
        ],
        [
            7,
            8
        ]
    ],
    "results": {
        "res_egmq1_rb": {
            "qubit_0": {
                "error_rate": 0.001297686806669085
            },
            "qubit_1": {
                "error_rate": 0.03910363081448637
            },
            "qubit_2": {
                "error_rate": 0.011794168930772342
            },
            "qubit_3": {
                "error_rate": -0.0030257103052132583
            },
            "qubit_4": {
                "error_rate": 0.023644997127690526
            },
            "qubit_5": {
                "error_rate": -0.0032230670652338977
            },
            "qubit_6": {
                "error_rate": 0.0015080823291944156
            },
            "qubit_7": {
                "error_rate": 0.018482309817541565
            },
            "qubit_8": {
                "error_rate": 0.004798561747313024
            }
        },
        "res_egmq1_xeb": {
            "hardware": [
                0.0,
                0.07263056123973033,
                0.09214956176921729,
                0.0,
                0.0,
                0.1676546538664876,
                0.17298781264362373,
                0.07933076797969035,
                0.3654241807238624
            ],
            "use_fake_data": null
        },
        "res_egmq2_rb": {
            "[0, 1]": {
                "error_rate": -0.002313520086011489
            },
            "[1, 2]": {
                "error_rate": 0.032198704399967776
            },
            "[2, 3]": {
                "error_rate": 0.0021697352235833522
            },
            "[3, 4]": {
                "error_rate": 0.011522166139337514
            },
            "[4, 5]": {
                "error_rate": 0.038133310420388644
            },
            "[5, 6]": {
                "error_rate": 0.025449740250097774
            },
            "[6, 7]": {
                "error_rate": 0.0024415300192782707
            },
            "[7, 8]": {
                "error_rate": 0.010174965525845847
            },
            "average_error_rate": 0.014972078986560961
        },
        "res_egmq2_xeb": {
            "hardware": [
                null,
                0.7425000000123724,
                0.04655172848413894,
                null,
                0.7425000000123724,
                0.3896462576256225,
                null,
                0.37742553484043073
            ],
            "use_fake_data": null
        },
        "res_egmq2_csb": {
            "source": "noisysimulation",
            "qubit_pairs_results": [
                {
                    "process_infidelity": 1.1102230246251565e-16,
                    "stochastic_infidelity": 1.1102230246251565e-16,
                    "theta_error": 0.4318205843282037,
                    "phi_error": 0.0
                },
                {
                    "process_infidelity": 0.0028545734172619186,
                    "stochastic_infidelity": 0.0014283067387008686,
                    "theta_error": 0.43888842241316217,
                    "phi_error": 0.0
                },
                {
                    "process_infidelity": 0.0,
                    "stochastic_infidelity": 0.0,
                    "theta_error": 0.4312623391641295,
                    "phi_error": 0.0
                },
                {
                    "process_infidelity": 0.003425857510104935,
                    "stochastic_infidelity": 0.0017143983358794967,
                    "theta_error": 0.4401722694306578,
                    "phi_error": 0.0
                },
                {
                    "process_infidelity": 0.00016438102684646072,
                    "stochastic_infidelity": 8.21938913411202e-05,
                    "theta_error": 0.4386067060258383,
                    "phi_error": 0.0
                },
                {
                    "process_infidelity": 0.0,
                    "stochastic_infidelity": 0.0,
                    "theta_error": 0.43075599568232015,
                    "phi_error": 0.0
                },
                {
                    "process_infidelity": 0.0034237624106483455,
                    "stochastic_infidelity": 0.0017133489877010355,
                    "theta_error": 0.4322835652009216,
                    "phi_error": 0.0
                },
                {
                    "process_infidelity": 0.0,
                    "stochastic_infidelity": 0.0,
                    "theta_error": 0.43508493724739195,
                    "phi_error": 0.0
                }
            ]
        },
        "res_egmqm_ghz": {
            "fidelity": [
                0.9999976157909027,
                0.9983759784779636,
                0.9987198038202405,
                0.9985481474540375,
                0.9999244393093824,
                0.999987363128288
            ],
            "qubit_index": [
                0,
                1,
                2,
                3,
                4,
                5,
                6,
                7,
                8
            ],
            "source": "noisysimulation"
        },
        "res_egmqm_stqv": {
            "nqubits_nqubits_2": {
                "total_qubits": 2,
                "quantum_volume": 0,
                "error": null,
                "fidelity": null
            },
            "nqubits_nqubits_3": {
                "total_qubits": 3,
                "quantum_volume": 8,
                "error": null,
                "fidelity": null
            }
        },
        "res_egmqm_mrb": {
            "polarizations": [
                [
                    0.5298828125,
                    0.105078125,
                    0.08388671874999999,
                    0.16044921875
                ],
                [
                    0.4448988970588235,
                    0.10170036764705882,
                    0.633249080882353,
                    0.08956801470588234
                ],
                [
                    0.08961195054945055,
                    0.0071371336996337,
                    0.005013736263736263,
                    0.02135989010989011
                ],
                [
                    0.10486381322957197,
                    0.168711375600824,
                    0.22989814602883957,
                    0.0020671206225680934
                ]
            ],
            "qubits_for_length": {
                "2": {
                    "4": [
                        0,
                        1
                    ],
                    "8": [
                        0,
                        1
                    ],
                    "12": [
                        0,
                        1
                    ],
                    "16": [
                        0,
                        1
                    ]
                },
                "4": {
                    "4": [
                        0,
                        1,
                        2,
                        3
                    ],
                    "8": [
                        0,
                        1,
                        2,
                        3
                    ],