{
    "title": "Baihua_egm_data_20250226_105904.json",
    "chip_info": {
        "chip_name": "Baihua",
        "rows": 12,
        "columns": 13
    },
    "qubit_index_list": [
        0,
        1,
        2,
        3,
        4,
        5,
        6,
        7,
        8
    ],
    "qubit_connectivity": [
        [
            0,
            1
        ],
        [
            1,
            2
        ],
        [
            2,
            3
        ],
        [
            3,
            4
        ],
        [
            4,
            5
        ],
        [
            5,
            6
        ],
        [
            6,
            7
        ],
        [
            7,
            8
        ]
    ],
    "results": {
        "res_egmq1_rb": {
            "qubit_0": {
                "error_rate": 0.0038778047363156043
            },
            "qubit_1": {
                "error_rate": 0.0025741454356755233
            },
            "qubit_2": {
                "error_rate": 0.005300987640344146
            },
            "qubit_3": {
                "error_rate": 0.0024734430290931364
            },
            "qubit_4": {
                "error_rate": 0.003518011436227708
            },
            "qubit_5": {
                "error_rate": 0.0003042197713368777
            },
            "qubit_6": {
                "error_rate": 0.0024563128905720766
            },
            "qubit_7": {
                "error_rate": 0.0017180287882748724
            },
            "qubit_8": {
                "error_rate": 0.002952313244867999
            }
        },
        "res_egmq1_xeb": {
            "hardware": [
                0.02565499207390526,
                0.03622641107486879,
                0.020940805193959022,
                0.030430246004337802,
                0.029506740884220284,
                0.028585332444147904,
                0.026261703157234473,
                0.0495814812200559,
                0.022445333407341228
            ],
            "use_fake_data": null
        },
        "res_egmq1_csbp2x": {
            "process_infidelities": [
                0.0006419882738195604,
                0.04325472100984684,
                0.005925509386754735,
                0.0077151988296770835,
                0.0030365494266481052,
                0.005929426174522634,
                0.004585660644598866,
                0.005312838542624987,
                0.03756142124323669
            ],
            "stochastic_infidelities": [
                0.0006404732642307787,
                0.04254943450665971,
                0.0059138753634814245,
                0.007695970600870017,
                0.0030321445749302844,
                0.0059181875054356015,
                0.004576166909315615,
                0.005299020054443826,
                0.03703575671306003
            ],
            "angle_errors": [
                0.0023561693310365506,
                0,
                0.0018292802397823493,
                0,
                0,
                0.00030078013289180916,
                0,
                0,
                0.009156280549188489
            ],
            "process_infidelity_avg": 0.012662590392414389,
            "stochastic_infidelity_avg": 0.012517892165825254,
            "angle_error_avg": 0.0015158344725443554
        },
        "res_egmq2_rb": {
            "[0, 1]": {
                "error_rate": 0.0036556663455611926
            },
            "[1, 2]": {
                "error_rate": 0.007793204299120532
            },
            "[2, 3]": {
                "error_rate": 0.0108792882615594
            },
            "[3, 4]": {
                "error_rate": 0.0073528106779273406
            },
            "[4, 5]": {
                "error_rate": 0.011702631972318134
            },
            "[5, 6]": {
                "error_rate": 0.002573864198428505
            },
            "[6, 7]": {
                "error_rate": 0.009188672303841822
            },
            "[7, 8]": {
                "error_rate": 0.011014319111868925
            },
            "average_error_rate": 0.008020057146328231
        },
        "res_egmq2_xeb": {
            "hardware": [
                0.17956515718546995,
                0.1636432760515755,
                0.12851456990273796,
                0.28155339550930825,
                0.2609466040714251,
                0.3284384226285614,
                0.3596853671748503,
                0.25390242443753885
            ],
            "use_fake_data": null
        },
        "res_egmq2_csb": {
            "source": "noisysimulation",
            "qubit_pairs_results": [
                {
                    "process_infidelity": 0.0,
                    "stochastic_infidelity": 0.0,
                    "theta_error": 0.0956299314913478,
                    "phi_error": 0.0
                },
                {
                    "process_infidelity": 4.4852067723866185e-05,
                    "stochastic_infidelity": 2.2426285331111906e-05,
                    "theta_error": 0.09563302110457794,
                    "phi_error": 0.0
                },
                {
                    "process_infidelity": 0.00046858651147008157,
                    "stochastic_infidelity": 0.00023432070883233624,
                    "theta_error": 0.09577078872228162,
                    "phi_error": 0.0
                },
                {
                    "process_infidelity": 3.342730550215389e-05,
                    "stochastic_infidelity": 1.671379242651483e-05,
                    "theta_error": 0.09572030014049648,
                    "phi_error": 0.0
                },
                {
                    "process_infidelity": 1.1206974129263081e-05,
                    "stochastic_infidelity": 5.6035027642398205e-06,
                    "theta_error": 0.09592808163583211,
                    "phi_error": 0.0
                },
                {
                    "process_infidelity": 0.0004260417680798101,
                    "stochastic_infidelity": 0.0002130435778229245,
                    "theta_error": 0.09541421744259715,
                    "phi_error": 0.0
                },
                {
                    "process_infidelity": 0.00036960632432536666,
                    "stochastic_infidelity": 0.00018482024142352227,
                    "theta_error": 0.09531493013567705,
                    "phi_error": 0.0
                },
                {
                    "process_infidelity": 0.0003866943089596564,
                    "stochastic_infidelity": 0.00019336584965568004,
                    "theta_error": 0.09525815694749573,
                    "phi_error": 0.0
                }
            ]
        },
        "res_egmqm_ghz": {
            "fidelity": [
                0.9999692839704987,
                0.9986473726277765,
                0.9999817284103248,
                0.9999854934688546,
                0.9999665437876963,
                0.9999633813562249
            ],
            "qubit_index": [
                0,
                1,
                2,
                3,
                4,
                5,
                6,
                7,
                8
            ],
            "source": "noisysimulation"
        },
        "res_egmqm_stqv": {
            "nqubits_nqubits_2": {
                "total_qubits": 2,
                "quantum_volume": 0,
                "error": null,
                "fidelity": null
            },
            "nqubits_nqubits_3": {
                "total_qubits": 3,
                "quantum_volume": 0,
                "error": null,
                "fidelity": null
            },
            "nqubits_nqubits_4": {
                "total_qubits": 4,
                "quantum_volume": 0,
                "error": null,
                "fidelity": null
            },
            "nqubits_nqubits_5": {
                "total_qubits": 5,