{
    "title": "Baihua_egm_data_20250325_160538.json",
    "chip_info": {
        "chip_name": "Baihua",
        "rows": 12,
        "columns": 13
    },
    "qubit_index_list": [
        0,
        1,
        2,
        3,
        4,
        5,
        6,
        7,
        8
    ],
    "qubit_connectivity": [
        [
            0,
            1
        ],
        [
            1,
            2
        ],
        [
            2,
            3
        ],
        [
            3,
            4
        ],
        [
            4,
            5
        ],
        [
            5,
            6
        ],
        [
            6,
            7
        ],
        [
            7,
            8
        ]
    ],
    "results": {
        "res_egmq1_rb": {
            "qubit_0": {
                "error_rate": 0.0015484509872816798
            },
            "qubit_1": {
                "error_rate": 0.009249666480837804
            },
            "qubit_2": {
                "error_rate": 0.013858193452024381
            },
            "qubit_3": {
                "error_rate": 0.00392835454215501
            },
            "qubit_4": {
                "error_rate": 0.007047917774454571
            },
            "qubit_5": {
                "error_rate": 0.014006859518028048
            },
            "qubit_6": {
                "error_rate": 0.025752741578355387
            },
            "qubit_7": {
                "error_rate": -0.002048474555230495
            },
            "qubit_8": {
                "error_rate": 0.011062443831475144
            }
        },
        "res_egmq1_xeb": {
            "hardware": [
                0.0,
                0.44548344267255074,
                0.0,
                0.13545270196953296,
                0.0,
                0.1547925319409605,
                0.1249237135218042,
                0.17572569894556617,
                0.49486956098085183
            ],
            "use_fake_data": null
        }
    }
}