{
    "title": "Baihua_egm_data_20250228_153140.json",
    "chip_info": {
        "chip_name": "Baihua",
        "rows": 12,
        "columns": 13
    },
    "qubit_index_list": [
        0,
        1,
        2,
        3,
        4,
        5,
        6,
        7,
        8
    ],
    "qubit_connectivity": [
        [
            0,
            1
        ],
        [
            1,
            2
        ],
        [
            2,
            3
        ],
        [
            3,
            4
        ],
        [
            4,
            5
        ],
        [
            5,
            6
        ],
        [
            6,
            7
        ],
        [
            7,
            8
        ]
    ],
    "results": {
        "res_egmq1_rb": {
            "qubit_0": {
                "error_rate": 0.0031027903471710916
            },
            "qubit_1": {
                "error_rate": 0.0018249156679112644
            },
            "qubit_2": {
                "error_rate": 0.001142743188258133
            },
            "qubit_3": {
                "error_rate": 0.002424979987003417
            },
            "qubit_4": {
                "error_rate": 0.0023458412071801216
            },
            "qubit_5": {
                "error_rate": 0.0041521515211037086
            },
            "qubit_6": {
                "error_rate": 0.004458191410160683
            },
            "qubit_7": {
                "error_rate": 0.0036913179105546035
            },
            "qubit_8": {
                "error_rate": 0.001452744016846197
            }
        },
        "res_egmq1_xeb": {
            "hardware": [
                0.022869557641874594,
                0.030906404224199435,
                0.034612033679806586,
                0.03119877514336733,
                0.019262131429573726,
                0.027669852346738077,
                0.030395509198082316,
                0.04138397345887107,
                0.04133415927748385
            ],
            "use_fake_data": null
        },
        "res_egmq1_csbp2x": {
            "process_infidelities": [
                0.009920154770495238,
                0.0006652959452009277,
                0.005414118138772239,
                0.006056582489752715,
                0.0419549059625941,
                0.057991131419723896,
                0.04221735919017744,
                0.043854450245152554,
                0.0058733354600774
            ],
            "stochastic_infidelities": [
                0.009875548394083111,
                0.0006649002409960802,
                0.005405267115222712,
                0.00604126052685694,
                0.04125643794066047,
                0.057612375303964014,
                0.04155972446418965,
                0.04314685891504699,
                0.005862953953621353
            ],
            "angle_errors": [
                0,
                0.0011142582474601426,
                0.0014702205875309904,
                0,
                0.005586258665297716,
                0.003957286806792748,
                0,
                0.0021817214004737906,
                0
            ],
            "process_infidelity_avg": 0.02377192595799406,
            "stochastic_infidelity_avg": 0.023491702983849037,
            "angle_error_avg": 0.001589971745283932
        },
        "res_egmq2_rb": {
            "[0, 1]": {
                "error_rate": 0.008273376871518967
            },
            "[1, 2]": {
                "error_rate": 0.0054210481515162
            },
            "[2, 3]": {
                "error_rate": 0.008559314872974177
            },
            "[3, 4]": {
                "error_rate": 0.0086687926948599
            },
            "[4, 5]": {
                "error_rate": 0.003223373847089983
            },
            "[5, 6]": {
                "error_rate": 0.007951950041463263
            },
            "[6, 7]": {
                "error_rate": 0.002450847282766677
            },
            "[7, 8]": {
                "error_rate": 0.008248528517558529
            },
            "average_error_rate": 0.006599654034968462
        },
        "res_egmq2_xeb": {
            "hardware": [
                0.25682696243878755,
                0.29050685386406194,
                0.1798583093584559,
                0.7413447813752164,
                0.733928903880755,
                0.3589034903360768,
                0.7215530790248728,
                0.7407387605706557
            ],
            "use_fake_data": null
        },
        "res_egmq2_csb": {
            "source": "noisysimulation",
            "qubit_pairs_results": [
                {
                    "process_infidelity": 0.0003775981368001613,
                    "stochastic_infidelity": 0.00018881689430982895,
                    "theta_error": 0.09559011949965468,
                    "phi_error": 0.0
                },
                {
                    "process_infidelity": 4.494362319229506e-05,
                    "stochastic_infidelity": 2.2472064093004285e-05,
                    "theta_error": 0.09573433466841408,
                    "phi_error": 0.0
                },
                {
                    "process_infidelity": 0.0,
                    "stochastic_infidelity": 0.0,
                    "theta_error": 0.09545049132433814,
                    "phi_error": 0.0
                },
                {
                    "process_infidelity": 0.0004019768699584647,
                    "stochastic_infidelity": 0.00020100863721539408,
                    "theta_error": 0.09524217865423523,
                    "phi_error": 0.0
                },
                {
                    "process_infidelity": 1.647748250233061e-05,
                    "stochastic_infidelity": 8.2387751898505e-06,
                    "theta_error": 0.09560777305346635,
                    "phi_error": 0.0
                },
                {
                    "process_infidelity": 0.0003967029400937516,
                    "stochastic_infidelity": 0.00019837114560261604,
                    "theta_error": 0.09556206941100731,
                    "phi_error": 0.0
                },
                {
                    "process_infidelity": 0.0004547660997350489,
                    "stochastic_infidelity": 0.00022740890727313,
                    "theta_error": 0.09563923272169772,
                    "phi_error": 0.0
                },
                {
                    "process_infidelity": 0.00045438566514366396,
                    "stochastic_infidelity": 0.0002272186467285886,
                    "theta_error": 0.09542082488507564,
                    "phi_error": 0.0
                }
            ]
        },
        "res_egmqm_ghz": {
            "fidelity": [
                0.9999796487065609,
                0.9999754635674487,
                0.9999753707501224,
                0.9999590998298917,
                0.9999688159764918,
                0.9987016546675809
            ],
            "qubit_index": [
                0,
                1,
                2,
                3,
                4,
                5,
                6,
                7,
                8
            ],
            "source": "noisysimulation"
        },
        "res_egmqm_stqv": {
            "nqubits_nqubits_2": {
                "total_qubits": 2,
                "quantum_volume": 0,
                "error": null,
                "fidelity": null
            },
            "nqubits_nqubits_3": {
                "total_qubits": 3,
                "quantum_volume": 0,
                "error": null,
                "fidelity": null
            },
            "nqubits_nqubits_4": {
                "total_qubits": 4,
                "quantum_volume": 0,
                "error": null,
                "fidelity": null
            },
            "nqubits_nqubits_5": {
                "total_qubits": 5,