{
    "title": "Baihua_egm_data_20250325_152853.json",
    "chip_info": {
        "chip_name": "Baihua",
        "rows": 12,
        "columns": 13
    },
    "qubit_index_list": [
        0,
        1,
        2,
        3,
        4,
        5,
        6,
        7,
        8
    ],
    "qubit_connectivity": [
        [
            0,
            1
        ],
        [
            1,
            2
        ],
        [
            2,
            3
        ],
        [
            3,
            4
        ],
        [
            4,
            5
        ],
        [
            5,
            6
        ],
        [
            6,
            7
        ],
        [
            7,
            8
        ]
    ],
    "results": {
        "res_egmq1_rb": {
            "qubit_0": {
                "error_rate": -0.004321227355169599
            },
            "qubit_1": {
                "error_rate": -0.009678503025382867
            },
            "qubit_2": {
                "error_rate": 0.035560596759518004
            },
            "qubit_3": {
                "error_rate": 0.016470933697323775
            },
            "qubit_4": {
                "error_rate": 0.0017429019463509055
            },
            "qubit_5": {
                "error_rate": 0.0048702610058124485
            },
            "qubit_6": {
                "error_rate": -0.0009841778502461818
            },
            "qubit_7": {
                "error_rate": 0.02188525645046846
            },
            "qubit_8": {
                "error_rate": 0.005858805557330815
            }
        },
        "res_egmq1_xeb": {
            "hardware": [
                0.0,
                0.08513135429945706,
                0.0,
                0.15186449984700157,
                0.20240695717185953,
                0.27430433216358807,
                0.15427302623448785,
                0.0,
                0.03558042483380003
            ],
            "use_fake_data": null
        },
        "res_egmq2_rb": {
            "[0, 1]": {
                "error_rate": 0.06353305101985679
            },
            "[1, 2]": {
                "error_rate": 0.08139066970332018
            },
            "[2, 3]": {
                "error_rate": -0.022064613286873314
            },
            "[3, 4]": {
                "error_rate": -0.029119154562352034
            },
            "[4, 5]": {
                "error_rate": 0.061235529941174094
            },
            "[5, 6]": {
                "error_rate": 0.02355466431203293
            },
            "[6, 7]": {
                "error_rate": 0.002987482697609317
            },
            "[7, 8]": {
                "error_rate": 0.04074506296351754
            },
            "average_error_rate": 0.027782836598535688
        },
        "res_egmq2_xeb": {
            "hardware": [
                0.7425000000123724,
                0.7499999999943208,
                0.7425000000123724,
                0.44080170801230434,
                null,
                0.733295294342875,
                0.7425000000123724,
                null
            ],
            "use_fake_data": null
        },
        "res_egmq2_csb": {
            "source": "noisysimulation",
            "qubit_pairs_results": [
                {
                    "process_infidelity": 1.1102230246251565e-16,
                    "stochastic_infidelity": 1.1102230246251565e-16,
                    "theta_error": 0.4316303185284558,
                    "phi_error": 0.0
                },
                {
                    "process_infidelity": 0.0022036586835704197,
                    "stochastic_infidelity": 0.0011024370254827387,
                    "theta_error": 0.4316461072082878,
                    "phi_error": 0.0
                },
                {
                    "process_infidelity": 0.0,
                    "stochastic_infidelity": 0.0,
                    "theta_error": 0.43110384449440353,
                    "phi_error": 0.0
                },
                {
                    "process_infidelity": 3.3306690738754696e-16,
                    "stochastic_infidelity": 2.220446049250313e-16,
                    "theta_error": 0.4379939288640977,
                    "phi_error": 0.0
                },
                {
                    "process_infidelity": 0.0007354950360167756,
                    "stochastic_infidelity": 0.0003678151620051251,
                    "theta_error": 0.4360687470989699,
                    "phi_error": 0.0
                },
                {
                    "process_infidelity": 0.002372208437238288,
                    "stochastic_infidelity": 0.0011868084757982178,
                    "theta_error": 0.43389999468832574,
                    "phi_error": 0.0
                },
                {
                    "process_infidelity": 0.0,
                    "stochastic_infidelity": 0.0,
                    "theta_error": 0.4376493739157392,
                    "phi_error": 0.0
                },
                {
                    "process_infidelity": 0.0039194992337759915,
                    "stochastic_infidelity": 0.00196167369873812,
                    "theta_error": 0.4374634849995722,
                    "phi_error": 0.0
                }
            ]
        },
        "res_egmqm_ghz": {
            "fidelity": [
                0.9999959170229606,
                0.9990375136612689,
                0.9999509243642939,
                0.9999118031648028,
                0.9987279149355925,
                0.9999905522299983
            ],
            "qubit_index": [
                0,
                1,
                2,
                3,
                4,
                5,
                6,
                7,
                8
            ],
            "source": "noisysimulation"
        },
        "res_egmqm_stqv": {
            "nqubits_nqubits_2": {
                "total_qubits": 2,
                "quantum_volume": 0,
                "error": null,
                "fidelity": null
            },
            "nqubits_nqubits_3": {
                "total_qubits": 3,
                "quantum_volume": 8,
                "error": null,
                "fidelity": null
            }
        },
        "res_egmqm_mrb": {
            "polarizations": [
                [
                    0.5099609375,
                    0.796875,
                    0.2580078125,
                    0.90029296875
                ],
                [
                    0.8579963235294117,
                    0.5187270220588236,
                    0.13173253676470587,
                    0.0
                ],
                [
                    0.1299107142857143,
                    0.08510760073260074,
                    0.40955815018315017,
                    0.0022435897435897434
                ],
                [
                    0.9537651636530098,
                    0.5160048065918974,
                    0.004308766308079652,
                    0.002523460746166171
                ]
            ],
            "qubits_for_length": {
                "2": {
                    "4": [
                        0,
                        1
                    ],
                    "8": [
                        0,
                        1
                    ],
                    "12": [
                        0,
                        1
                    ],
                    "16": [
                        0,
                        1
                    ]
                },
                "4": {
                    "4": [
                        0,
                        1,
                        2,
                        3
                    ],
                    "8": [
                        0,
                        1,
                        2,
                        3
                    ],