{
    "title": "Baihua_egm_data_20250325_193335.json",
    "chip_info": {
        "chip_name": "Baihua",
        "rows": 12,
        "columns": 13
    },
    "qubit_index_list": [
        0,
        1,
        2,
        3,
        4,
        5,
        6,
        7,
        8
    ],
    "qubit_connectivity": [
        [
            0,
            1
        ],
        [
            1,
            2
        ],
        [
            2,
            3
        ],
        [
            3,
            4
        ],
        [
            4,
            5
        ],
        [
            5,
            6
        ],
        [
            6,
            7
        ],
        [
            7,
            8
        ]
    ],
    "results": {
        "res_egmq1_rb": {
            "qubit_0": {
                "error_rate": 0.032621649299685807
            },
            "qubit_1": {
                "error_rate": 0.027634261482074873
            },
            "qubit_2": {
                "error_rate": 0.007976781001419908
            },
            "qubit_3": {
                "error_rate": -0.00428438860675906
            },
            "qubit_4": {
                "error_rate": -0.00806105710788263
            },
            "qubit_5": {
                "error_rate": 0.00215388991908666
            },
            "qubit_6": {
                "error_rate": 0.01118482970150364
            },
            "qubit_7": {
                "error_rate": 0.01567601892639847
            },
            "qubit_8": {
                "error_rate": 0.018268234536897188
            }
        },
        "res_egmq1_xeb": {
            "hardware": [
                0.0,
                0.07489307448964544,
                0.12191739235614901,
                0.11962320419840905,
                0.21703608537611624,
                0.0,
                0.09554459863612014,
                0.4323244880001182,
                0.4229445765420015
            ],
            "use_fake_data": null
        },
        "res_egmq1_csbp2x": {
            "process_infidelities": [
                0.006084734051959195,
                0.004430523716091428,
                0.005897665738990088,
                0.007027968890296998,
                0.001205186158962146,
                0.04181964371576452,
                0.005661881637035515,
                0.047850877970088135,
                0.0006193303348127621
            ],
            "stochastic_infidelities": [
                0.006074277118402138,
                0.004425266671546746,
                0.005887064364392347,
                0.007011331681880839,
                0.0012049038308297177,
                0.04113713186370471,
                0.0056521759788025205,
                0.047326645844823934,
                0.0006186041187151714
            ],
            "angle_errors": [
                0.00046139166572900514,
                0,
                0.0001937078337301834,
                0.0012294895602980027,
                5.1463579468169485e-05,
                0.002796717499516488,
                0,
                0,
                0.0016247695497153547
            ],
            "process_infidelity_avg": 0.013399756912666753,
            "stochastic_infidelity_avg": 0.01325971127478868,
            "angle_error_avg": 0.000706393298717467
        },
        "res_egmq2_rb": {
            "[0, 1]": {
                "error_rate": 0.07660819696091284
            },
            "[1, 2]": {
                "error_rate": 0.06524452296817948
            },
            "[2, 3]": {
                "error_rate": 0.06021928650283348
            },
            "[3, 4]": {
                "error_rate": -0.0028184518570644745
            },
            "[4, 5]": {
                "error_rate": -0.009134129827971793
            },
            "[5, 6]": {
                "error_rate": 0.08566300355059503
            },
            "[6, 7]": {
                "error_rate": 0.09418613907035331
            },
            "[7, 8]": {
                "error_rate": 0.01759231324603905
            },
            "average_error_rate": 0.04844511007673462
        },
        "res_egmq2_xeb": {
            "hardware": [
                0.08243938458652625,
                0.0,
                0.0,
                0.0,
                0.06406515996061263,
                0.04270814634333345,
                0.04050755079800772,
                0.0
            ],
            "use_fake_data": null
        },
        "res_egmq2_csb": {
            "source": "noisysimulation",
            "qubit_pairs_results": [
                {
                    "process_infidelity": 3.3306690738754696e-16,
                    "stochastic_infidelity": 2.220446049250313e-16,
                    "theta_error": 0.43248206343955653,
                    "phi_error": 0.0
                },
                {
                    "process_infidelity": 0.0002616336642673467,
                    "stochastic_infidelity": 0.00013082538977493563,
                    "theta_error": 0.43232334121008575,
                    "phi_error": 0.0
                },
                {
                    "process_infidelity": 0.0008072431899958099,
                    "stochastic_infidelity": 0.00040370308308756986,
                    "theta_error": 0.4341615440986577,
                    "phi_error": 0.0
                },
                {
                    "process_infidelity": 0.0004128920178161355,
                    "stochastic_infidelity": 0.00020646732328588602,
                    "theta_error": 0.4328458617460833,
                    "phi_error": 0.0
                },
                {
                    "process_infidelity": 0.0006821756360687603,
                    "stochastic_infidelity": 0.0003411460083339035,
                    "theta_error": 0.43393136350979855,
                    "phi_error": 0.0
                },
                {
                    "process_infidelity": 0.0003641135325925804,
                    "stochastic_infidelity": 0.00018207334164710431,
                    "theta_error": 0.43092811072714143,
                    "phi_error": 0.0
                },
                {
                    "process_infidelity": 0.0007343821249871096,
                    "stochastic_infidelity": 0.0003672585018971164,
                    "theta_error": 0.4335352550766669,
                    "phi_error": 0.0
                },
                {
                    "process_infidelity": 0.0011690053260609012,
                    "stochastic_infidelity": 0.0005846735846307682,
                    "theta_error": 0.43352706929072404,
                    "phi_error": 0.0
                }
            ]
        },
        "res_egmqm_vqe": {
            "Final Energy": -0.702930393079989,
            "Problem Description": "Hamiltonian with 4 terms on 2 qubits using EfficientSU2 ansatz."
        }
    }
}