{
    "title": "Baihua_egm_data_20250325_160405.json",
    "chip_info": {
        "chip_name": "Baihua",
        "rows": 12,
        "columns": 13
    },
    "qubit_index_list": [
        0,
        1,
        2,
        3,
        4,
        5,
        6,
        7,
        8
    ],
    "qubit_connectivity": [
        [
            0,
            1
        ],
        [
            1,
            2
        ],
        [
            2,
            3
        ],
        [
            3,
            4
        ],
        [
            4,
            5
        ],
        [
            5,
            6
        ],
        [
            6,
            7
        ],
        [
            7,
            8
        ]
    ],
    "results": {
        "res_egmq1_rb": {
            "qubit_0": {
                "error_rate": -0.0008535389068022869
            },
            "qubit_1": {
                "error_rate": -0.003390744419959124
            },
            "qubit_2": {
                "error_rate": 0.06436130015186275
            },
            "qubit_3": {
                "error_rate": 0.009365520457318588
            },
            "qubit_4": {
                "error_rate": 0.0011124546389450485
            },
            "qubit_5": {
                "error_rate": 0.0006088867652761509
            },
            "qubit_6": {
                "error_rate": 0.0009351264386847635
            },
            "qubit_7": {
                "error_rate": 0.027704910073264644
            },
            "qubit_8": {
                "error_rate": 0.017201190547174006
            }
        },
        "res_egmq1_xeb": {
            "hardware": [
                0.1732873205916019,
                0.0,
                0.06110058625516468,
                0.0804262784326708,
                0.500000000000294,
                0.10755095505871332,
                0.0,
                0.0,
                0.002690842031964069
            ],
            "use_fake_data": null
        }
    }
}