{
    "title": "Baihua_egm_data_20250406_222722.json",
    "chip_info": {
        "chip_name": "Baihua",
        "rows": 12,
        "columns": 13
    },
    "qubit_index_list": [
        0,
        1,
        2,
        3,
        4,
        5
    ],
    "qubit_connectivity": [
        [
            0,
            1
        ],
        [
            1,
            2
        ],
        [
            2,
            3
        ],
        [
            3,
            4
        ],
        [
            4,
            5
        ]
    ],
    "results": {
        "res_egmq1_xeb": {
            "hardware": [
                0.0432644845308513,
                0.04183665124924191,
                0.003903599018043713,
                0.02090076831498877,
                0.04450095192272274,
                0.047328397523194066
            ],
            "use_fake_data": null
        },
        "res_egmq1_csbp2x": {
            "process_infidelities": [
                0.0009020575146856391,
                0.0459207505323711,
                0.0003693818985159858,
                0.00540120728500515,
                0.0005305313506170917,
                0.042254082409182714
            ],
            "stochastic_infidelities": [
                0.0009017507889581555,
                0.045443933997777575,
                0.00036857970636716697,
                0.0053922242005146614,
                0.0005300732611119852,
                0.04169177321031603
            ],
            "angle_errors": [
                0,
                0.002619796919142825,
                0.0017143610461709535,
                0.0009313107528774456,
                0.0012541591230761373,
                0.0026959540667861326
            ],
            "process_infidelity_avg": 0.015896335165062947,
            "stochastic_infidelity_avg": 0.015721389194174262,
            "angle_error_avg": 0.0015359303180089157
        },
        "res_egmq2_xeb": {
            "hardware": [
                0.038814541015602,
                0.08373687457355272,
                0.11261139560822964,
                0.07722078961383702,
                0.14450949140432506
            ],
            "use_fake_data": null
        },
        "res_egmq2_csb": {
            "source": "noisysimulation",
            "qubit_pairs_results": [
                {
                    "process_infidelity": 0.0007558965367697734,
                    "stochastic_infidelity": 0.00037801971783846255,
                    "theta_error": 0.11996722339188359,
                    "phi_error": 0.0
                },
                {
                    "process_infidelity": 0.0007309955190369921,
                    "stochastic_infidelity": 0.0003655645782488781,
                    "theta_error": 0.12004332550382735,
                    "phi_error": 0.0
                },
                {
                    "process_infidelity": 0.003236075028439922,
                    "stochastic_infidelity": 0.0016193486592600559,
                    "theta_error": 3.141592653589793,
                    "phi_error": 0.0
                },
                {
                    "process_infidelity": 0.07152331870336559,
                    "stochastic_infidelity": 0.03642505154158637,
                    "theta_error": 0.0,
                    "phi_error": 0.0
                },
                {
                    "process_infidelity": 0.0005836559423164633,
                    "stochastic_infidelity": 0.0002918705653717213,
                    "theta_error": 0.12044083193125577,
                    "phi_error": 0.0
                }
            ]
        }
    }
}