{
    "title": "Baihua_egm_data_20250325_155104.json",
    "chip_info": {
        "chip_name": "Baihua",
        "rows": 12,
        "columns": 13
    },
    "qubit_index_list": [
        0,
        1,
        2,
        3,
        4,
        5,
        6,
        7,
        8
    ],
    "qubit_connectivity": [
        [
            0,
            1
        ],
        [
            1,
            2
        ],
        [
            2,
            3
        ],
        [
            3,
            4
        ],
        [
            4,
            5
        ],
        [
            5,
            6
        ],
        [
            6,
            7
        ],
        [
            7,
            8
        ]
    ],
    "results": {
        "res_egmq1_rb": {
            "qubit_0": {
                "error_rate": 0.011085366787123907
            },
            "qubit_1": {
                "error_rate": 0.019647928724982833
            },
            "qubit_2": {
                "error_rate": 0.0069190146744319
            },
            "qubit_3": {
                "error_rate": 0.017110190429808325
            },
            "qubit_4": {
                "error_rate": 0.005638538227622114
            },
            "qubit_5": {
                "error_rate": 0.0037951027244877977
            },
            "qubit_6": {
                "error_rate": -0.0029956854953866463
            },
            "qubit_7": {
                "error_rate": 0.024204311028140857
            },
            "qubit_8": {
                "error_rate": 0.018423105413963248
            }
        },
        "res_egmq1_xeb": {
            "hardware": [
                0.05997443790750295,
                0.0,
                0.0445159763772649,
                0.12172780929937632,
                0.049657266437919234,
                0.01207144091005713,
                0.10651331575269368,
                0.0,
                0.17869890542489114
            ],
            "use_fake_data": null
        },
        "res_egmq2_rb": {
            "[0, 1]": {
                "error_rate": 0.04352701533602185
            },
            "[1, 2]": {
                "error_rate": 0.05296941909607941
            },
            "[2, 3]": {
                "error_rate": 0.010142729812747414
            },
            "[3, 4]": {
                "error_rate": 0.027297367716422966
            },
            "[4, 5]": {
                "error_rate": 0.03748330922513857
            },
            "[5, 6]": {
                "error_rate": -0.0024037474205068077
            },
            "[6, 7]": {
                "error_rate": 0.015220506247817123
            },
            "[7, 8]": {
                "error_rate": 0.004658658126261678
            },
            "average_error_rate": 0.023611907267497775
        },
        "res_egmq2_xeb": {
            "hardware": [
                0.7425000000123724,
                null,
                0.7425000000123724,
                0.7500000000004958,
                null,
                null,
                null,
                0.7499999999997783
            ],
            "use_fake_data": null
        },
        "res_egmq2_csb": {
            "source": "noisysimulation",
            "qubit_pairs_results": [
                {
                    "process_infidelity": 0.0,
                    "stochastic_infidelity": 0.0,
                    "theta_error": 0.4360390812073849,
                    "phi_error": 0.0
                },
                {
                    "process_infidelity": 0.0,
                    "stochastic_infidelity": 0.0,
                    "theta_error": 0.43044797340292273,
                    "phi_error": 0.0
                },
                {
                    "process_infidelity": 0.0023650518316552516,
                    "stochastic_infidelity": 0.001183225927625542,
                    "theta_error": 0.4324209928555698,
                    "phi_error": 0.0
                },
                {
                    "process_infidelity": 0.0028960546093690365,
                    "stochastic_infidelity": 0.00144907721707499,
                    "theta_error": 0.43639884682391594,
                    "phi_error": 0.0
                },
                {
                    "process_infidelity": 0.0,
                    "stochastic_infidelity": 0.0,
                    "theta_error": 0.42962318376754904,
                    "phi_error": 0.0
                },
                {
                    "process_infidelity": 1.1102230246251565e-16,
                    "stochastic_infidelity": 1.1102230246251565e-16,
                    "theta_error": 0.4301161364323085,
                    "phi_error": 0.0
                },
                {
                    "process_infidelity": 0.0,
                    "stochastic_infidelity": 0.0,
                    "theta_error": 0.43794406978031075,
                    "phi_error": 0.0
                },
                {
                    "process_infidelity": 0.0026545561562492104,
                    "stochastic_infidelity": 0.0013281600827272921,
                    "theta_error": 0.4307251164334507,
                    "phi_error": 0.0
                }
            ]
        },
        "res_egmqm_ghz": {
            "fidelity": [
                0.9989737415103138,
                0.9986687145179732,
                0.9984781873028661,
                0.9999918787016572,
                0.9999825343549509,
                0.9988503355206325
            ],
            "qubit_index": [
                0,
                1,
                2,
                3,
                4,
                5,
                6,
                7,
                8
            ],
            "source": "noisysimulation"
        },
        "res_egmqm_stqv": {
            "nqubits_nqubits_2": {
                "total_qubits": 2,
                "quantum_volume": 0,
                "error": null,
                "fidelity": null
            },
            "nqubits_nqubits_3": {
                "total_qubits": 3,
                "quantum_volume": 8,
                "error": null,
                "fidelity": null
            }
        },
        "res_egmqm_mrb": {
            "polarizations": [
                [
                    0.54892578125,
                    0.07978515624999999,
                    0.7798828124999999,
                    0.015429687499999997,
                    0.0018554687499999986
                ],
                [
                    0.8560202205882352,
                    0.29574908088235297,
                    0.045174632352941176,
                    0.01408547794117647,
                    0.4331801470588236
                ],
                [
                    0.1790922619047619,
                    0.08508470695970696,
                    0.3164377289377289,
                    0.005643315018315018,
                    0.5529761904761905
                ],
                [
                    0.02761501487754635,
                    0.4008611810482948,
                    0.017086289768825817,
                    0.15632295719844358,
                    0.791760128175784
                ]
            ],
            "qubits_for_length": {
                "2": {
                    "4": [
                        0,
                        1
                    ],
                    "8": [
                        0,
                        1
                    ],
                    "12": [
                        0,
                        1
                    ],
                    "16": [
                        0,
                        1
                    ],
                    "20": [
                        0,
                        1
                    ]
                },