{
    "title": "Baihua_egm_data_20250228_160233.json",
    "chip_info": {
        "chip_name": "Baihua",
        "rows": 12,
        "columns": 13
    },
    "qubit_index_list": [
        0,
        1,
        2,
        3,
        4,
        5,
        6,
        7,
        8
    ],
    "qubit_connectivity": [
        [
            0,
            1
        ],
        [
            1,
            2
        ],
        [
            2,
            3
        ],
        [
            3,
            4
        ],
        [
            4,
            5
        ],
        [
            5,
            6
        ],
        [
            6,
            7
        ],
        [
            7,
            8
        ]
    ],
    "results": {
        "res_egmq1_rb": {
            "qubit_0": {
                "error_rate": -0.0007170488694226984
            },
            "qubit_1": {
                "error_rate": 0.001283481908603168
            },
            "qubit_2": {
                "error_rate": 0.004331462810819975
            },
            "qubit_3": {
                "error_rate": 0.0007790955595379789
            },
            "qubit_4": {
                "error_rate": 0.0026259485118556025
            },
            "qubit_5": {
                "error_rate": 0.0027664377482998215
            },
            "qubit_6": {
                "error_rate": 0.0043283101303494
            },
            "qubit_7": {
                "error_rate": 0.004402787224494165
            },
            "qubit_8": {
                "error_rate": 0.005021095699775768
            }
        },
        "res_egmq1_xeb": {
            "hardware": [
                0.03170508638201652,
                0.03257176282736546,
                0.03115299210541994,
                0.03671877262175072,
                0.019994632181699112,
                0.031478664277432455,
                0.03663229702252374,
                0.02712884413257871,
                0.027642690518463686
            ],
            "use_fake_data": null
        },
        "res_egmq1_csbp2x": {
            "process_infidelities": [
                1.0,
                0.009795539161574718,
                0.005401424824955203,
                0.041626262372951306,
                0.001080155061423671,
                0.00483381704248953,
                0.0057920160653892605,
                0.00799023918115449,
                0.005378323632055482
            ],
            "stochastic_infidelities": [
                0.2928932188134524,
                0.009748789432260985,
                0.005392101200299537,
                0.040976718103198584,
                0.0010791084560645148,
                0.004826499509175131,
                0.005779192857043758,
                0.007968613572021388,
                0.005368418759474247
            ],
            "angle_errors": [
                0,
                0.00875748933677123,
                0.0017683700179291773,
                0.0009459866878631651,
                0.0013625130302754584,
                0.00270263350830402,
                0,
                0.0014881533958932547,
                0
            ],
            "process_infidelity_avg": 0.12021086414911042,
            "stochastic_infidelity_avg": 0.041559184522554506,
            "angle_error_avg": 0.0018916828863373672
        },
        "res_egmq2_rb": {
            "[0, 1]": {
                "error_rate": 0.0047043360910710985
            },
            "[1, 2]": {
                "error_rate": 0.007623999104487272
            },
            "[2, 3]": {
                "error_rate": 0.009007793117852964
            },
            "[3, 4]": {
                "error_rate": 0.009938051770025241
            },
            "[4, 5]": {
                "error_rate": 0.0050540558387865975
            },
            "[5, 6]": {
                "error_rate": 0.007080187474824251
            },
            "[6, 7]": {
                "error_rate": 0.005419652724168694
            },
            "[7, 8]": {
                "error_rate": 0.005116392109562579
            },
            "average_error_rate": 0.006743058528847337
        },
        "res_egmq2_xeb": {
            "hardware": [
                0.7407765849721102,
                0.3147200511077062,
                0.3776319591045799,
                0.46993270922201563,
                0.32284437374890207,
                0.42239180527009623,
                0.15103736808609264,
                0.15518622086731795
            ],
            "use_fake_data": null
        },
        "res_egmq2_csb": {
            "source": "noisysimulation",
            "qubit_pairs_results": [
                {
                    "process_infidelity": 0.00040077627824175455,
                    "stochastic_infidelity": 0.00020040822084832488,
                    "theta_error": 0.09539937652964303,
                    "phi_error": 0.0
                },
                {
                    "process_infidelity": 2.2868547230547875e-05,
                    "stochastic_infidelity": 1.1434338987315051e-05,
                    "theta_error": 0.09617288369191046,
                    "phi_error": 0.0
                },
                {
                    "process_infidelity": 1.0644532332793055e-05,
                    "stochastic_infidelity": 5.322280329678186e-06,
                    "theta_error": 0.09579863142201717,
                    "phi_error": 0.0
                },
                {
                    "process_infidelity": 4.6554457183933806e-05,
                    "stochastic_infidelity": 2.3277499512919242e-05,
                    "theta_error": 0.09564939676978002,
                    "phi_error": 0.0
                },
                {
                    "process_infidelity": 0.0,
                    "stochastic_infidelity": 0.0,
                    "theta_error": 0.09601698705662587,
                    "phi_error": 0.0
                },
                {
                    "process_infidelity": 9.570885048826305e-06,
                    "stochastic_infidelity": 4.785453974642806e-06,
                    "theta_error": 0.09563723767719878,
                    "phi_error": 0.0
                },
                {
                    "process_infidelity": 3.841516175129289e-05,
                    "stochastic_infidelity": 1.9207765344808614e-05,
                    "theta_error": 0.09576791024674636,
                    "phi_error": 0.0
                },
                {
                    "process_infidelity": 5.640973675058447e-05,
                    "stochastic_infidelity": 2.8205266143777052e-05,
                    "theta_error": 0.09581345441290212,
                    "phi_error": 0.0
                }
            ]
        },
        "res_egmqm_ghz": {
            "fidelity": [
                0.9999718334930707,
                0.9999837590777115,
                0.9999720708837052,
                0.9987691583435068,
                0.9988604535415271,
                0.998654023781059
            ],
            "qubit_index": [
                0,
                1,
                2,
                3,
                4,
                5,
                6,
                7,
                8
            ],
            "source": "noisysimulation"
        },
        "res_egmqm_stqv": {
            "nqubits_nqubits_2": {
                "total_qubits": 2,
                "quantum_volume": 4,
                "error": null,
                "fidelity": null
            },
            "nqubits_nqubits_3": {
                "total_qubits": 3,
                "quantum_volume": 8,
                "error": null,
                "fidelity": null
            },
            "nqubits_nqubits_4": {
                "total_qubits": 4,
                "quantum_volume": 16,
                "error": null,
                "fidelity": null
            },
            "nqubits_nqubits_5": {
                "total_qubits": 5,