{
    "title": "Baihua_egm_data_20250325_153244.json",
    "chip_info": {
        "chip_name": "Baihua",
        "rows": 12,
        "columns": 13
    },
    "qubit_index_list": [
        0,
        1,
        2,
        3,
        4,
        5,
        6,
        7,
        8
    ],
    "qubit_connectivity": [
        [
            0,
            1
        ],
        [
            1,
            2
        ],
        [
            2,
            3
        ],
        [
            3,
            4
        ],
        [
            4,
            5
        ],
        [
            5,
            6
        ],
        [
            6,
            7
        ],
        [
            7,
            8
        ]
    ],
    "results": {
        "res_egmq1_rb": {
            "qubit_0": {
                "error_rate": 0.015884827123070433
            },
            "qubit_1": {
                "error_rate": 0.011938140142577047
            },
            "qubit_2": {
                "error_rate": 0.015807990158881846
            },
            "qubit_3": {
                "error_rate": 0.0035504526905195677
            },
            "qubit_4": {
                "error_rate": -0.005763287983314269
            },
            "qubit_5": {
                "error_rate": 0.017086026532033338
            },
            "qubit_6": {
                "error_rate": 0.023787266574270993
            },
            "qubit_7": {
                "error_rate": 0.018845064029492153
            },
            "qubit_8": {
                "error_rate": 0.005494666423453087
            }
        },
        "res_egmq1_xeb": {
            "hardware": [
                0.12903749851951063,
                0.17598038801298693,
                0.11026344034922603,
                0.1807577798411507,
                0.040809238003075565,
                0.02655605302958053,
                0.28623631291153384,
                0.0,
                0.0
            ],
            "use_fake_data": null
        },
        "res_egmq2_rb": {
            "[0, 1]": {
                "error_rate": -0.02203458165191846
            },
            "[1, 2]": {
                "error_rate": 0.021918246081519516
            },
            "[2, 3]": {
                "error_rate": 0.048956965806072644
            },
            "[3, 4]": {
                "error_rate": 0.07049669229388555
            },
            "[4, 5]": {
                "error_rate": 0.07926574402418479
            },
            "[5, 6]": {
                "error_rate": 0.009654797082274513
            },
            "[6, 7]": {
                "error_rate": 0.05040847917419339
            },
            "[7, 8]": {
                "error_rate": 0.01446346226864359
            },
            "average_error_rate": 0.03414122563485694
        },
        "res_egmq2_xeb": {
            "hardware": [
                0.7425000000123724,
                0.7425000000123724,
                null,
                0.7425000000123724,
                null,
                0.18210017705048603,
                null,
                0.7416795971718868
            ],
            "use_fake_data": null
        },
        "res_egmq2_csb": {
            "source": "noisysimulation",
            "qubit_pairs_results": [
                {
                    "process_infidelity": 0.002513754841385829,
                    "stochastic_infidelity": 0.0012576682854510413,
                    "theta_error": 0.4313280489325324,
                    "phi_error": 0.0
                },
                {
                    "process_infidelity": 0.0,
                    "stochastic_infidelity": 0.0,
                    "theta_error": 0.4303262391865097,
                    "phi_error": 0.0
                },
                {
                    "process_infidelity": 0.0,
                    "stochastic_infidelity": 0.0,
                    "theta_error": 0.43654102954191787,
                    "phi_error": 0.0
                },
                {
                    "process_infidelity": 0.7987051127123577,
                    "stochastic_infidelity": 0.5513410122513511,
                    "theta_error": 0.0,
                    "phi_error": 0.0
                },
                {
                    "process_infidelity": 0.0025273895942918845,
                    "stochastic_infidelity": 0.0012644942700253958,
                    "theta_error": 0.43057716771792753,
                    "phi_error": 0.0
                },
                {
                    "process_infidelity": 0.0,
                    "stochastic_infidelity": 0.0,
                    "theta_error": 0.4369710367685826,
                    "phi_error": 0.0
                },
                {
                    "process_infidelity": 0.00044680869737667717,
                    "stochastic_infidelity": 0.00022342930901642077,
                    "theta_error": 0.4368216518742467,
                    "phi_error": 0.0
                },
                {
                    "process_infidelity": 0.0,
                    "stochastic_infidelity": 0.0,
                    "theta_error": 0.43033395361105375,
                    "phi_error": 0.0
                }
            ]
        },
        "res_egmqm_ghz": {
            "fidelity": [
                0.999998271453915,
                0.9986717159471497,
                0.9999945013922908,
                0.9999806713288796,
                0.9999862603367726,
                0.9999534264964883
            ],
            "qubit_index": [
                0,
                1,
                2,
                3,
                4,
                5,
                6,
                7,
                8
            ],
            "source": "noisysimulation"
        },
        "res_egmqm_stqv": {
            "nqubits_nqubits_2": {
                "total_qubits": 2,
                "quantum_volume": 0,
                "error": null,
                "fidelity": null
            },
            "nqubits_nqubits_3": {
                "total_qubits": 3,
                "quantum_volume": 8,
                "error": null,
                "fidelity": null
            }
        },
        "res_egmqm_mrb": {
            "polarizations": [
                [
                    0.6485351562499999,
                    0.28935546875,
                    0.05664062499999999,
                    0.241796875
                ],
                [
                    0.44666819852941175,
                    0.8179687499999999,
                    0.07463235294117647,
                    0.3494715073529412
                ],
                [
                    0.5776785714285715,
                    0.4267399267399267,
                    0.5145833333333333,
                    0.8858974358974359
                ],
                [
                    0.0809882124055848,
                    0.04652952620737011,
                    0.007302872510872053,
                    0.5192263675898374
                ]
            ],
            "qubits_for_length": {
                "2": {
                    "4": [
                        0,
                        1
                    ],
                    "8": [
                        0,
                        1
                    ],
                    "12": [
                        0,
                        1
                    ],
                    "16": [
                        0,
                        1
                    ]
                },
                "4": {
                    "4": [
                        0,
                        1,
                        2,
                        3
                    ],
                    "8": [
                        0,
                        1,
                        2,
                        3
                    ],