{
    "title": "Baihua_egm_data_20250228_154432.json",
    "chip_info": {
        "chip_name": "Baihua",
        "rows": 12,
        "columns": 13
    },
    "qubit_index_list": [
        0,
        1,
        2,
        3,
        4,
        5,
        6,
        7,
        8
    ],
    "qubit_connectivity": [
        [
            0,
            1
        ],
        [
            1,
            2
        ],
        [
            2,
            3
        ],
        [
            3,
            4
        ],
        [
            4,
            5
        ],
        [
            5,
            6
        ],
        [
            6,
            7
        ],
        [
            7,
            8
        ]
    ],
    "results": {
        "res_egmq1_rb": {
            "qubit_0": {
                "error_rate": 0.0031502382875090995
            },
            "qubit_1": {
                "error_rate": 0.0005906736376103949
            },
            "qubit_2": {
                "error_rate": 0.002920723019420035
            },
            "qubit_3": {
                "error_rate": 0.0033432589961900905
            },
            "qubit_4": {
                "error_rate": 0.0037503788067672628
            },
            "qubit_5": {
                "error_rate": 0.00038262691684604055
            },
            "qubit_6": {
                "error_rate": 0.003923205952523212
            },
            "qubit_7": {
                "error_rate": 0.003799420864924241
            },
            "qubit_8": {
                "error_rate": 0.0038150426150938
            }
        },
        "res_egmq1_xeb": {
            "hardware": [
                0.043323891023614,
                0.013952244762707344,
                0.027923638957059405,
                0.03915194480847317,
                0.02696319294622518,
                0.04091881674725062,
                0.04505578129048016,
                0.023899188131649096,
                0.028926340518107774
            ],
            "use_fake_data": null
        },
        "res_egmq1_csbp2x": {
            "process_infidelities": [
                0.0404990170419115,
                0.0052348233551320345,
                0.000906542995517845,
                0.005853152295210662,
                0.04139242343617355,
                0.0032877822502879184,
                0.0005972214448888291,
                0.0013137928838704571,
                0.0007329485862828111
            ],
            "stochastic_infidelities": [
                0.0398844439938455,
                0.005227587799233491,
                0.0009058790251045279,
                0.005842965950792922,
                0.040781172576233704,
                0.0032821575667379976,
                0.0005962080035545325,
                0.0013132759376912606,
                0.0007326900720464602
            ],
            "angle_errors": [
                0.006805819722496942,
                0.0006892036173207217,
                0.0014526305014057606,
                0,
                0,
                0,
                0,
                0.0006753141202746615,
                0.0007887042135359401
            ],
            "process_infidelity_avg": 0.011090856032141735,
            "stochastic_infidelity_avg": 0.010951820102804488,
            "angle_error_avg": 0.0011568524638926696
        },
        "res_egmq2_rb": {
            "[0, 1]": {
                "error_rate": 0.009284963347048453
            },
            "[1, 2]": {
                "error_rate": 0.007600927903313848
            },
            "[2, 3]": {
                "error_rate": 0.009107505758602141
            },
            "[3, 4]": {
                "error_rate": 0.008444761399465789
            },
            "[4, 5]": {
                "error_rate": 0.006580149443333433
            },
            "[5, 6]": {
                "error_rate": 0.007118510574031955
            },
            "[6, 7]": {
                "error_rate": 0.006900489390248982
            },
            "[7, 8]": {
                "error_rate": 0.008708019757483643
            },
            "average_error_rate": 0.00796816594669103
        },
        "res_egmq2_xeb": {
            "hardware": [
                0.2891132833518605,
                0.7343265196619233,
                0.130244236538087,
                0.27660067204339434,
                0.7438166971769608,
                0.1215121879428962,
                0.3671183725342377,
                0.1631203406058615
            ],
            "use_fake_data": null
        },
        "res_egmq2_csb": {
            "source": "noisysimulation",
            "qubit_pairs_results": [
                {
                    "process_infidelity": 0.0,
                    "stochastic_infidelity": 0.0,
                    "theta_error": 0.09556482756343287,
                    "phi_error": 0.0
                },
                {
                    "process_infidelity": 0.000405797211518899,
                    "stochastic_infidelity": 0.00020291919385906354,
                    "theta_error": 0.09559321804062426,
                    "phi_error": 0.0
                },
                {
                    "process_infidelity": 2.1746714419124125e-05,
                    "stochastic_infidelity": 1.0873416325107854e-05,
                    "theta_error": 0.09565688449033782,
                    "phi_error": 0.0
                },
                {
                    "process_infidelity": 1.1102230246251565e-16,
                    "stochastic_infidelity": 1.1102230246251565e-16,
                    "theta_error": 0.09552246282833599,
                    "phi_error": 0.0
                },
                {
                    "process_infidelity": 5.403661538805338e-05,
                    "stochastic_infidelity": 2.701867269838676e-05,
                    "theta_error": 0.09570085546512308,
                    "phi_error": 0.0
                },
                {
                    "process_infidelity": 2.220446049250313e-16,
                    "stochastic_infidelity": 1.1102230246251565e-16,
                    "theta_error": 0.09588107266444501,
                    "phi_error": 0.0
                },
                {
                    "process_infidelity": 3.52982614071351e-06,
                    "stochastic_infidelity": 1.764914627777614e-06,
                    "theta_error": 0.09548440231701916,
                    "phi_error": 0.0
                },
                {
                    "process_infidelity": 3.42603431944255e-05,
                    "stochastic_infidelity": 1.713031832106804e-05,
                    "theta_error": 0.09556421833133522,
                    "phi_error": 0.0
                }
            ]
        },
        "res_egmqm_ghz": {
            "fidelity": [
                0.9999615149200263,
                0.9987437427757185,
                0.9999738800546674,
                0.9987508759849408,
                0.9999592020630063,
                0.998754054350124
            ],
            "qubit_index": [
                0,
                1,
                2,
                3,
                4,
                5,
                6,
                7,
                8
            ],
            "source": "noisysimulation"
        },
        "res_egmqm_stqv": {
            "nqubits_nqubits_2": {
                "total_qubits": 2,
                "quantum_volume": 4,
                "error": null,
                "fidelity": null
            },
            "nqubits_nqubits_3": {
                "total_qubits": 3,
                "quantum_volume": 8,
                "error": null,
                "fidelity": null
            },
            "nqubits_nqubits_4": {
                "total_qubits": 4,
                "quantum_volume": 0,
                "error": null,
                "fidelity": null
            },
            "nqubits_nqubits_5": {
                "total_qubits": 5,