{
    "title": "Baihua_egm_data_20250326_153330.json",
    "chip_info": {
        "chip_name": "Baihua",
        "rows": 12,
        "columns": 13
    },
    "qubit_index_list": [
        0,
        1,
        2,
        3,
        4,
        5,
        6,
        7,
        8
    ],
    "qubit_connectivity": [
        [
            0,
            1
        ],
        [
            1,
            2
        ],
        [
            2,
            3
        ],
        [
            3,
            4
        ],
        [
            4,
            5
        ],
        [
            5,
            6
        ],
        [
            6,
            7
        ],
        [
            7,
            8
        ]
    ],
    "results": {
        "res_egmq1_rb": {
            "qubit_0": {
                "error_rate": -0.006037146810210503
            },
            "qubit_1": {
                "error_rate": 0.02187003782930852
            },
            "qubit_2": {
                "error_rate": 0.007845129908491177
            },
            "qubit_3": {
                "error_rate": 0.013529406017582735
            },
            "qubit_4": {
                "error_rate": -0.0001623445045503269
            },
            "qubit_5": {
                "error_rate": 0.002593155001903824
            },
            "qubit_6": {
                "error_rate": 0.017054666561401144
            },
            "qubit_7": {
                "error_rate": -0.012462920721197479
            },
            "qubit_8": {
                "error_rate": 0.0007775219984153536
            }
        },
        "res_egmq1_xeb": {
            "hardware": [
                0.16197867068841604,
                0.21413186642423276,
                0.48713819691016913,
                0.0,
                0.17066228110162934,
                0.15861067617071206,
                0.3322767939265352,
                0.17016600102696844,
                0.11273231767399955
            ],
            "use_fake_data": null
        },
        "res_egmq1_csbp2x": {
            "process_infidelities": [
                1.0,
                0.7499999982875762,
                0.7499999992782455,
                1.0,
                1.0,
                0.7499999981117131,
                0.7499999985358048,
                1.0,
                0.7499999971919082
            ],
            "stochastic_infidelities": [
                0.999999998041967,
                0.5,
                0.5,
                0.9999999989132822,
                0.9999999973586208,
                0.5,
                0.5,
                0.9999999988649726,
                0.5
            ],
            "angle_errors": [
                0,
                0,
                0,
                0,
                0,
                2.5920917412491917e-08,
                0,
                0,
                0
            ],
            "process_infidelity_avg": 0.8611111101561387,
            "stochastic_infidelity_avg": 0.7222222214643159,
            "angle_error_avg": 2.880101934721324e-09
        },
        "res_egmq2_rb": {
            "[0, 1]": {
                "error_rate": 0.03347542045547816
            },
            "[1, 2]": {
                "error_rate": 0.10840251485890084
            },
            "[2, 3]": {
                "error_rate": 0.02832741738993519
            },
            "[3, 4]": {
                "error_rate": 0.016721681403559174
            },
            "[4, 5]": {
                "error_rate": -0.005166374982898236
            },
            "[5, 6]": {
                "error_rate": 0.07262609215253324
            },
            "[6, 7]": {
                "error_rate": 0.008271939813694396
            },
            "[7, 8]": {
                "error_rate": 0.044660060240483246
            },
            "average_error_rate": 0.03841484391646075
        },
        "res_egmq2_xeb": {
            "hardware": [
                0.0,
                0.3713762958347882,
                0.0,
                0.5942135689116026,
                0.054667629451654404,
                0.0,
                0.0,
                0.26828507630709575
            ],
            "use_fake_data": null
        },
        "res_egmq2_csb": {
            "source": "noisysimulation",
            "qubit_pairs_results": [
                {
                    "process_infidelity": 0.0011094509197605573,
                    "stochastic_infidelity": 0.00055487940545762,
                    "theta_error": 0.4345553158927511,
                    "phi_error": 0.0
                },
                {
                    "process_infidelity": 0.778207964393424,
                    "stochastic_infidelity": 0.5290519820547325,
                    "theta_error": 0.0,
                    "phi_error": 0.0
                },
                {
                    "process_infidelity": 0.00033667643286416915,
                    "stochastic_infidelity": 0.00016835238769530303,
                    "theta_error": 0.4346587204349661,
                    "phi_error": 0.0
                },
                {
                    "process_infidelity": 0.0007686472917675102,
                    "stochastic_infidelity": 0.00038439752661301174,
                    "theta_error": 0.43479948281974545,
                    "phi_error": 0.0
                },
                {
                    "process_infidelity": 0.8070111071154222,
                    "stochastic_infidelity": 0.5606949887782091,
                    "theta_error": 0.0,
                    "phi_error": 0.0
                },
                {
                    "process_infidelity": 1.1102230246251565e-16,
                    "stochastic_infidelity": 1.1102230246251565e-16,
                    "theta_error": 0.4374760941270157,
                    "phi_error": 0.0
                },
                {
                    "process_infidelity": 0.0005155888100529804,
                    "stochastic_infidelity": 0.0002578276425730941,
                    "theta_error": 0.4328691858904108,
                    "phi_error": 0.0
                },
                {
                    "process_infidelity": 0.8012098850496183,
                    "stochastic_infidelity": 0.5541411490725101,
                    "theta_error": 0.0,
                    "phi_error": 0.0
                }
            ]
        },
        "res_egmqm_ghz": {
            "fidelity": [
                0.9988279103625961,
                0.9985975745987723,
                0.9999298180718394,
                0.9986695270284598,
                0.9999710147920128,
                0.9999684517324693
            ],
            "qubit_index": [
                0,
                1,
                2,
                3,
                4,
                5,
                6,
                7,
                8
            ],
            "source": "noisysimulation"
        },
        "res_egmqm_stqv": {
            "nqubits_nqubits_2": {
                "total_qubits": 2,
                "quantum_volume": 0,
                "error": null,
                "fidelity": null
            },
            "nqubits_nqubits_3": {
                "total_qubits": 3,
                "quantum_volume": 8,
                "error": null,
                "fidelity": null
            }
        },
        "res_egmqm_mrb": {
            "polarizations": [
                [
                    0.7822265625,
                    0.9312499999999999
                ],
                [
                    0.9168198529411764,
                    0.25903033088235294
                ],
                [
                    0.31956272893772897,
                    0.10796130952380953
                ],
                [
                    0.035834859235523,
                    0.6215037766079194
                ]
            ],