{
    "title": "Baihua_egm_data_20250325_151654.json",
    "chip_info": {
        "chip_name": "Baihua",
        "rows": 12,
        "columns": 13
    },
    "qubit_index_list": [
        0,
        1,
        2,
        3,
        4,
        5,
        6,
        7,
        8
    ],
    "qubit_connectivity": [
        [
            0,
            1
        ],
        [
            1,
            2
        ],
        [
            2,
            3
        ],
        [
            3,
            4
        ],
        [
            4,
            5
        ],
        [
            5,
            6
        ],
        [
            6,
            7
        ],
        [
            7,
            8
        ]
    ],
    "results": {
        "res_egmq1_rb": {
            "qubit_0": {
                "error_rate": 0.004772332609627672
            },
            "qubit_1": {
                "error_rate": 0.007279872221444661
            },
            "qubit_2": {
                "error_rate": 0.012894561180974928
            },
            "qubit_3": {
                "error_rate": 0.006270031190483305
            },
            "qubit_4": {
                "error_rate": 0.018744425226852157
            },
            "qubit_5": {
                "error_rate": -0.0018092625818992847
            },
            "qubit_6": {
                "error_rate": 0.030642222880618686
            },
            "qubit_7": {
                "error_rate": 0.04879764080459409
            },
            "qubit_8": {
                "error_rate": 0.03406259429227909
            }
        },
        "res_egmq1_xeb": {
            "hardware": [
                0.0,
                0.005099866533984976,
                0.04150609389999299,
                0.09677285283153736,
                0.0,
                0.22718252505155823,
                0.0,
                0.0,
                0.3299164451374288
            ],
            "use_fake_data": null
        }
    }
}