{
    "title": "Baihua_egm_data_20250226_120416.json",
    "chip_info": {
        "chip_name": "Baihua",
        "rows": 12,
        "columns": 13
    },
    "qubit_index_list": [
        0,
        1,
        2,
        3,
        4,
        5,
        6,
        7,
        8
    ],
    "qubit_connectivity": [
        [
            0,
            1
        ],
        [
            1,
            2
        ],
        [
            2,
            3
        ],
        [
            3,
            4
        ],
        [
            4,
            5
        ],
        [
            5,
            6
        ],
        [
            6,
            7
        ],
        [
            7,
            8
        ]
    ],
    "results": {
        "res_egmq1_rb": {
            "qubit_0": {
                "error_rate": 0.004588170361430555
            },
            "qubit_1": {
                "error_rate": 0.0031979218999547143
            },
            "qubit_2": {
                "error_rate": 0.003914947576932115
            },
            "qubit_3": {
                "error_rate": 0.004576911449844623
            },
            "qubit_4": {
                "error_rate": 0.0036657465398950984
            },
            "qubit_5": {
                "error_rate": 0.004986882208588395
            },
            "qubit_6": {
                "error_rate": 0.00183659189917329
            },
            "qubit_7": {
                "error_rate": 0.004390045265644293
            },
            "qubit_8": {
                "error_rate": 0.0031409136060024934
            }
        },
        "res_egmq1_xeb": {
            "hardware": [
                0.03465870791270792,
                0.02995600068916282,
                0.02421948996226303,
                0.028305109348104762,
                0.03986661707541883,
                0.02697251735696443,
                0.02900248456128729,
                0.029510738026013394,
                0.03582480352920575
            ],
            "use_fake_data": null
        },
        "res_egmq1_csbp2x": {
            "process_infidelities": [
                0.045046442113855445,
                0.04123292184191896,
                0.04239369914956126,
                0.001098607899784887,
                0.0059688844617342696,
                0.0007288516388155308,
                0.041837135588625896,
                0.005385338479414026,
                0.001963307995828112
            ],
            "stochastic_infidelities": [
                0.04427840051010068,
                0.04057580313060449,
                0.04173238410023572,
                0.0010973978189233735,
                0.005953740077511038,
                0.000728647259160109,
                0.041201527048065345,
                0.005371265826030647,
                0.0019623334893451583
            ],
            "angle_errors": [
                0,
                0.003488614821933078,
                0.008038214187404913,
                0.001559423239367197,
                0.0037424357011375253,
                0.0006800150665577931,
                0.0012065358568724704,
                0,
                0
            ],
            "process_infidelity_avg": 0.020628354352170933,
            "stochastic_infidelity_avg": 0.020322388806664062,
            "angle_error_avg": 0.0020794709859192195
        },
        "res_egmq2_rb": {
            "[0, 1]": {
                "error_rate": 0.011661816750280746
            },
            "[1, 2]": {
                "error_rate": 0.007968186905920882
            },
            "[2, 3]": {
                "error_rate": 0.009115055000741057
            },
            "[3, 4]": {
                "error_rate": 0.00975736004808933
            },
            "[4, 5]": {
                "error_rate": 0.007384504571934097
            },
            "[5, 6]": {
                "error_rate": 0.0014369527713877506
            },
            "[6, 7]": {
                "error_rate": 0.010329368003269196
            },
            "[7, 8]": {
                "error_rate": 0.005158532421483869
            },
            "average_error_rate": 0.007851472059138366
        },
        "res_egmq2_xeb": {
            "hardware": [
                0.732672017920112,
                0.12024562832791108,
                0.2348152962361579,
                0.09739526994225162,
                0.2404970922580153,
                0.2621764885258933,
                0.28608335547075747,
                0.1666787303680088
            ],
            "use_fake_data": null
        },
        "res_egmq2_csb": {
            "source": "noisysimulation",
            "qubit_pairs_results": [
                {
                    "process_infidelity": 1.1102230246251565e-16,
                    "stochastic_infidelity": 1.1102230246251565e-16,
                    "theta_error": 0.095719438654152,
                    "phi_error": 0.0
                },
                {
                    "process_infidelity": 1.8790427026571521e-06,
                    "stochastic_infidelity": 9.395217926977395e-07,
                    "theta_error": 0.09598672525797403,
                    "phi_error": 0.0
                },
                {
                    "process_infidelity": 1.375836469830194e-05,
                    "stochastic_infidelity": 6.879206010834693e-06,
                    "theta_error": 0.09558666219766732,
                    "phi_error": 0.0
                },
                {
                    "process_infidelity": 0.00036201302453353623,
                    "stochastic_infidelity": 0.00018102289691135365,
                    "theta_error": 0.09553745643739253,
                    "phi_error": 0.0
                },
                {
                    "process_infidelity": 3.703925040832168e-05,
                    "stochastic_infidelity": 1.8519796695648516e-05,
                    "theta_error": 0.0956570946987827,
                    "phi_error": 0.0
                },
                {
                    "process_infidelity": 1.3291769852985524e-05,
                    "stochastic_infidelity": 6.6459070104940565e-06,
                    "theta_error": 0.09571430986144591,
                    "phi_error": 0.0
                },
                {
                    "process_infidelity": 0.0004098288989720089,
                    "stochastic_infidelity": 0.00020493544875510583,
                    "theta_error": 0.09556347906137574,
                    "phi_error": 0.0
                },
                {
                    "process_infidelity": 0.0,
                    "stochastic_infidelity": 0.0,
                    "theta_error": 0.095764120362269,
                    "phi_error": 0.0
                }
            ]
        },
        "res_egmqm_ghz": {
            "fidelity": [
                0.9987563410659609,
                0.9999576671048725,
                0.99877710326346,
                0.9987877405585891,
                0.9999764364402787,
                0.9999623170951254
            ],
            "qubit_index": [
                0,
                1,
                2,
                3,
                4,
                5,
                6,
                7,
                8
            ],
            "source": "noisysimulation"
        },
        "res_egmqm_stqv": {
            "nqubits_nqubits_2": {
                "total_qubits": 2,
                "quantum_volume": 4,
                "error": null,
                "fidelity": null
            },
            "nqubits_nqubits_3": {
                "total_qubits": 3,
                "quantum_volume": 0,
                "error": null,
                "fidelity": null
            },
            "nqubits_nqubits_4": {
                "total_qubits": 4,
                "quantum_volume": 16,
                "error": null,
                "fidelity": null
            },
            "nqubits_nqubits_5": {
                "total_qubits": 5,