{
    "title": "Baihua_egm_data_20250325_192057.json",
    "chip_info": {
        "chip_name": "Baihua",
        "rows": 12,
        "columns": 13
    },
    "qubit_index_list": [
        0,
        1,
        2,
        3,
        4,
        5,
        6,
        7,
        8
    ],
    "qubit_connectivity": [
        [
            0,
            1
        ],
        [
            1,
            2
        ],
        [
            2,
            3
        ],
        [
            3,
            4
        ],
        [
            4,
            5
        ],
        [
            5,
            6
        ],
        [
            6,
            7
        ],
        [
            7,
            8
        ]
    ],
    "results": {
        "res_egmq1_rb": {
            "qubit_0": {
                "error_rate": -8.293735533349e-05
            },
            "qubit_1": {
                "error_rate": -0.006202943829513363
            },
            "qubit_2": {
                "error_rate": 0.01649029950391151
            },
            "qubit_3": {
                "error_rate": 0.024705910252391494
            },
            "qubit_4": {
                "error_rate": 0.010080270091569254
            },
            "qubit_5": {
                "error_rate": 0.023979864008595198
            },
            "qubit_6": {
                "error_rate": 0.005874502106159196
            },
            "qubit_7": {
                "error_rate": 0.008591691904819232
            },
            "qubit_8": {
                "error_rate": 0.005071641520660752
            }
        },
        "res_egmq1_xeb": {
            "hardware": [
                0.0,
                0.07384681670418891,
                0.05330076378357518,
                0.09629079217445197,
                0.0,
                0.04146796985701651,
                0.0,
                0.1140278213728203,
                0.009667798477790979
            ],
            "use_fake_data": null
        },
        "res_egmq1_csbp2x": {
            "process_infidelities": [
                0.042441154269995396,
                0.0393751426752309,
                0.050276818749613095,
                0.005814429197062099,
                0.006254966174598753,
                0.0005645012170303332,
                0.005323470669181374,
                0.041081167871692914,
                0.038611257243638786
            ],
            "stochastic_infidelities": [
                0.0417110396020719,
                0.03875486652274018,
                0.049680310942249006,
                0.005804223149440624,
                0.006243260912593862,
                0.0005638412068984522,
                0.005315736211776834,
                0.040421896935076584,
                0.03801946937264866
            ],
            "angle_errors": [
                0.004208984989922282,
                0.0032364027971667486,
                0.0002939685877469955,
                0,
                0,
                0.001556411905043742,
                0.0004148599966316002,
                0.001271001868921262,
                0
            ],
            "process_infidelity_avg": 0.025526989785338183,
            "stochastic_infidelity_avg": 0.0251682938728329,
            "angle_error_avg": 0.0012201811272702923
        }
    }
}