{
    "title": "Baihua_egm_data_20250325_104713.json",
    "chip_info": {
        "chip_name": "Baihua",
        "rows": 12,
        "columns": 13
    },
    "qubit_index_list": [
        0,
        1,
        2,
        3,
        4,
        5,
        6,
        7,
        8
    ],
    "qubit_connectivity": [
        [
            0,
            1
        ],
        [
            1,
            2
        ],
        [
            2,
            3
        ],
        [
            3,
            4
        ],
        [
            4,
            5
        ],
        [
            5,
            6
        ],
        [
            6,
            7
        ],
        [
            7,
            8
        ]
    ],
    "results": {
        "res_egmq1_rb": {
            "qubit_0": {
                "error_rate": 0.011620717885165555
            },
            "qubit_1": {
                "error_rate": 0.022915700243473947
            },
            "qubit_2": {
                "error_rate": 0.042103379418839515
            },
            "qubit_3": {
                "error_rate": 0.0361373229937339
            },
            "qubit_4": {
                "error_rate": 0.001165448258995394
            },
            "qubit_5": {
                "error_rate": 0.0031080689664064742
            },
            "qubit_6": {
                "error_rate": -0.00804463697129143
            },
            "qubit_7": {
                "error_rate": 0.013964524532702471
            },
            "qubit_8": {
                "error_rate": 0.03813717974394221
            }
        },
        "res_egmq1_xeb": {
            "hardware": [
                0.23072839039410453,
                0.12638742093719496,
                0.050991148628065364,
                0.07708950933284153,
                0.10433138052350283,
                0.15081321482188909,
                0.17539641839658981,
                0.0,
                0.0
            ],
            "use_fake_data": null
        }
    }
}