{
    "title": "Baihua_egm_data_20250228_121106.json",
    "chip_info": {
        "chip_name": "Baihua",
        "rows": 12,
        "columns": 13
    },
    "qubit_index_list": [
        0,
        1,
        2,
        3,
        4,
        5,
        6,
        7,
        8
    ],
    "qubit_connectivity": [
        [
            0,
            1
        ],
        [
            1,
            2
        ],
        [
            2,
            3
        ],
        [
            3,
            4
        ],
        [
            4,
            5
        ],
        [
            5,
            6
        ],
        [
            6,
            7
        ],
        [
            7,
            8
        ]
    ],
    "results": {
        "res_egmq1_rb": {
            "qubit_0": {
                "error_rate": 0.004766260026129399
            },
            "qubit_1": {
                "error_rate": 0.0013062251422211735
            },
            "qubit_2": {
                "error_rate": 0.0016015932652748144
            },
            "qubit_3": {
                "error_rate": 0.003950883820345585
            },
            "qubit_4": {
                "error_rate": 0.00440722492069251
            },
            "qubit_5": {
                "error_rate": 0.004420569907313876
            },
            "qubit_6": {
                "error_rate": 0.0016172612183752433
            },
            "qubit_7": {
                "error_rate": 0.004647556060924152
            },
            "qubit_8": {
                "error_rate": 0.001790950262656077
            }
        },
        "res_egmq1_xeb": {
            "hardware": [
                0.022800155537085975,
                0.027398181313714576,
                0.03149237184902787,
                0.034175545119638606,
                0.046849706875132735,
                0.02859730248875303,
                0.03015955607256876,
                0.02387814872357913,
                0.03314834896235769
            ],
            "use_fake_data": null
        },
        "res_egmq1_csbp2x": {
            "process_infidelities": [
                0.04145445799619374,
                0.006133962964970152,
                3.932484449187257e-08,
                0.042476323238944014,
                0.043301501103075624,
                0.00027594760422589015,
                0.041329028746604934,
                0.04167299257247825,
                0.040414231712189386
            ],
            "stochastic_infidelities": [
                0.04079988550424363,
                0.006122061966233883,
                0,
                0.04181006893628103,
                0.042617142432305855,
                0.0002758648163369015,
                0.040705409267817294,
                0.04101736531707312,
                0.039767025011891444
            ],
            "angle_errors": [
                0,
                0,
                0,
                0,
                0,
                0.0002097877623068456,
                0.001513853022445888,
                0.001149998300858046,
                0.005257709382332276
            ],
            "process_infidelity_avg": 0.02856205391816961,
            "stochastic_infidelity_avg": 0.028123869250242572,
            "angle_error_avg": 0.000903483163104784
        },
        "res_egmq2_rb": {
            "[0, 1]": {
                "error_rate": 0.0056981514078488504
            },
            "[1, 2]": {
                "error_rate": 0.0050708193448607
            },
            "[2, 3]": {
                "error_rate": 0.0060939766572019605
            },
            "[3, 4]": {
                "error_rate": 0.012196603335134448
            },
            "[4, 5]": {
                "error_rate": 0.008459997724423574
            },
            "[5, 6]": {
                "error_rate": 0.009066148384987288
            },
            "[6, 7]": {
                "error_rate": 0.01120366367374398
            },
            "[7, 8]": {
                "error_rate": 0.007010401766383123
            },
            "average_error_rate": 0.00809997028682299
        },
        "res_egmq2_xeb": {
            "hardware": [
                0.3684472072788555,
                0.32796692632411234,
                0.41193618704442975,
                null,
                0.21845818374347056,
                0.3121629953500974,
                0.2668836527234669,
                0.2637597449748785
            ],
            "use_fake_data": null
        },
        "res_egmq2_csb": {
            "source": "noisysimulation",
            "qubit_pairs_results": [
                {
                    "process_infidelity": 0.0005214547639375011,
                    "stochastic_infidelity": 0.00026076138021746686,
                    "theta_error": 0.09561843732924435,
                    "phi_error": 0.0
                },
                {
                    "process_infidelity": 0.000439198207636049,
                    "stochastic_infidelity": 0.00021962322099766673,
                    "theta_error": 0.09548499260151377,
                    "phi_error": 0.0
                },
                {
                    "process_infidelity": 2.9416384732527945e-06,
                    "stochastic_infidelity": 1.4708203183166901e-06,
                    "theta_error": 0.09551423440625983,
                    "phi_error": 0.0
                },
                {
                    "process_infidelity": 1.0922322034923049e-05,
                    "stochastic_infidelity": 5.461175929699635e-06,
                    "theta_error": 0.09590104069412453,
                    "phi_error": 0.0
                },
                {
                    "process_infidelity": 0.0003765427652404618,
                    "stochastic_infidelity": 0.00018828910901447227,
                    "theta_error": 0.09538510979214365,
                    "phi_error": 0.0
                },
                {
                    "process_infidelity": 0.0,
                    "stochastic_infidelity": 0.0,
                    "theta_error": 0.09581537731148826,
                    "phi_error": 0.0
                },
                {
                    "process_infidelity": 0.0004536508700935249,
                    "stochastic_infidelity": 0.0002268511657724792,
                    "theta_error": 0.09500566357327811,
                    "phi_error": 0.0
                },
                {
                    "process_infidelity": 0.0003689631533857485,
                    "stochastic_infidelity": 0.00018449859655889078,
                    "theta_error": 0.09545201537105097,
                    "phi_error": 0.0
                }
            ]
        },
        "res_egmqm_ghz": {
            "fidelity": [
                0.9999778880681959,
                0.9999794570303462,
                0.9999556528818112,
                0.9999711942673453,
                0.9999730692730008,
                0.9999624995390107
            ],
            "qubit_index": [
                0,
                1,
                2,
                3,
                4,
                5,
                6,
                7,
                8
            ],
            "source": "noisysimulation"
        },
        "res_egmqm_stqv": {
            "nqubits_nqubits_2": {
                "total_qubits": 2,
                "quantum_volume": 4,
                "error": null,
                "fidelity": null
            },
            "nqubits_nqubits_3": {
                "total_qubits": 3,
                "quantum_volume": 0,
                "error": null,
                "fidelity": null
            },
            "nqubits_nqubits_4": {
                "total_qubits": 4,
                "quantum_volume": 0,
                "error": null,
                "fidelity": null
            },
            "nqubits_nqubits_5": {
                "total_qubits": 5,
                "quantum_volume": 0,
                "error": null,