{
    "title": "Baihua_egm_data_20250325_152453.json",
    "chip_info": {
        "chip_name": "Baihua",
        "rows": 12,
        "columns": 13
    },
    "qubit_index_list": [
        0,
        1,
        2,
        3,
        4,
        5,
        6,
        7,
        8
    ],
    "qubit_connectivity": [
        [
            0,
            1
        ],
        [
            1,
            2
        ],
        [
            2,
            3
        ],
        [
            3,
            4
        ],
        [
            4,
            5
        ],
        [
            5,
            6
        ],
        [
            6,
            7
        ],
        [
            7,
            8
        ]
    ],
    "results": {
        "res_egmq1_rb": {
            "qubit_0": {
                "error_rate": 0.018140231609671376
            },
            "qubit_1": {
                "error_rate": -0.00420053813179011
            },
            "qubit_2": {
                "error_rate": 0.006222798783355132
            },
            "qubit_3": {
                "error_rate": 0.008222554614336575
            },
            "qubit_4": {
                "error_rate": 0.016436559065131362
            },
            "qubit_5": {
                "error_rate": 0.0016511599066329485
            },
            "qubit_6": {
                "error_rate": -0.0005747909288027486
            },
            "qubit_7": {
                "error_rate": 0.0269900693869371
            },
            "qubit_8": {
                "error_rate": 0.0014325491436231186
            }
        },
        "res_egmq1_xeb": {
            "hardware": [
                0.11819970324053558,
                0.06798257768947696,
                0.0,
                0.0,
                0.0,
                0.12265307372271012,
                0.06428874035322502,
                0.0,
                0.0
            ],
            "use_fake_data": null
        },
        "res_egmq2_rb": {
            "[0, 1]": {
                "error_rate": 0.029412382816921268
            },
            "[1, 2]": {
                "error_rate": -0.019301872901618
            },
            "[2, 3]": {
                "error_rate": 0.11114165826144401
            },
            "[3, 4]": {
                "error_rate": -0.005206449649105049
            },
            "[4, 5]": {
                "error_rate": 0.07352281412255993
            },
            "[5, 6]": {
                "error_rate": 0.011948584966270243
            },
            "[6, 7]": {
                "error_rate": -0.022647442970841425
            },
            "[7, 8]": {
                "error_rate": 0.05835368224483553
            },
            "average_error_rate": 0.029652919611308313
        },
        "res_egmq2_xeb": {
            "hardware": [
                null,
                0.7425000000123724,
                0.7499999999987155,
                0.7500000000025375,
                0.7425000000123724,
                0.7425000000123724,
                0.7488906530782167,
                0.7425000000123724
            ],
            "use_fake_data": null
        },
        "res_egmq2_csb": {
            "source": "noisysimulation",
            "qubit_pairs_results": [
                {
                    "process_infidelity": 1.1102230246251565e-16,
                    "stochastic_infidelity": 1.1102230246251565e-16,
                    "theta_error": 0.4362541963126354,
                    "phi_error": 0.0
                },
                {
                    "process_infidelity": 0.003369142658677715,
                    "stochastic_infidelity": 0.0016859926148875548,
                    "theta_error": 0.4378270651344409,
                    "phi_error": 0.0
                },
                {
                    "process_infidelity": 0.0036489669952803894,
                    "stochastic_infidelity": 0.0018261509112154073,
                    "theta_error": 0.43622692361291326,
                    "phi_error": 0.0
                },
                {
                    "process_infidelity": 2.220446049250313e-16,
                    "stochastic_infidelity": 1.1102230246251565e-16,
                    "theta_error": 0.43201018416166903,
                    "phi_error": 0.0
                },
                {
                    "process_infidelity": 0.0,
                    "stochastic_infidelity": 0.0,
                    "theta_error": 0.4302280370007434,
                    "phi_error": 0.0
                },
                {
                    "process_infidelity": 0.003079322770941806,
                    "stochastic_infidelity": 0.0015408484925093502,
                    "theta_error": 0.43145814458934106,
                    "phi_error": 0.0
                },
                {
                    "process_infidelity": 0.0,
                    "stochastic_infidelity": 0.0,
                    "theta_error": 0.43438933368394306,
                    "phi_error": 0.0
                },
                {
                    "process_infidelity": 0.8141416508830203,
                    "stochastic_infidelity": 0.568887080781636,
                    "theta_error": 0.0,
                    "phi_error": 0.0
                }
            ]
        },
        "res_egmqm_ghz": {
            "fidelity": [
                0.999945601213045,
                0.9987845722299792,
                0.9999954401811837,
                0.9999574037153672,
                0.9999787050305655,
                0.9999057719664691
            ],
            "qubit_index": [
                0,
                1,
                2,
                3,
                4,
                5,
                6,
                7,
                8
            ],
            "source": "noisysimulation"
        },
        "res_egmqm_stqv": {
            "nqubits_nqubits_2": {
                "total_qubits": 2,
                "quantum_volume": 0,
                "error": null,
                "fidelity": null
            },
            "nqubits_nqubits_3": {
                "total_qubits": 3,
                "quantum_volume": 8,
                "error": null,
                "fidelity": null
            }
        },
        "res_egmqm_mrb": {
            "polarizations": [
                [
                    0.7384765625,
                    0.38671875,
                    0.3251953125,
                    0.31669921875
                ],
                [
                    0.3069163602941177,
                    0.14758731617647058,
                    0.14646139705882352,
                    0.28547794117647063
                ],
                [
                    0.773489010989011,
                    0.0765224358974359,
                    0.007606456043956045,
                    0.015539148351648354
                ],
                [
                    0.04683852140077821,
                    0.6392309452964064,
                    0.21338979171435113,
                    0.0037179560540169377
                ]
            ],
            "qubits_for_length": {
                "2": {
                    "4": [
                        0,
                        1
                    ],
                    "8": [
                        0,
                        1
                    ],
                    "12": [
                        0,
                        1
                    ],
                    "16": [
                        0,
                        1
                    ]
                },
                "4": {
                    "4": [
                        0,
                        1,
                        2,
                        3
                    ],
                    "8": [
                        0,
                        1,
                        2,
                        3
                    ],