{
    "title": "Baihua_egm_data_20250325_155824.json",
    "chip_info": {
        "chip_name": "Baihua",
        "rows": 12,
        "columns": 13
    },
    "qubit_index_list": [
        0,
        1,
        2,
        3,
        4,
        5,
        6,
        7,
        8
    ],
    "qubit_connectivity": [
        [
            0,
            1
        ],
        [
            1,
            2
        ],
        [
            2,
            3
        ],
        [
            3,
            4
        ],
        [
            4,
            5
        ],
        [
            5,
            6
        ],
        [
            6,
            7
        ],
        [
            7,
            8
        ]
    ],
    "results": {
        "res_egmq1_rb": {
            "qubit_0": {
                "error_rate": 0.0010769400637382631
            },
            "qubit_1": {
                "error_rate": 0.0008942454459873739
            },
            "qubit_2": {
                "error_rate": 0.010271399125340419
            },
            "qubit_3": {
                "error_rate": 0.014477878048989812
            },
            "qubit_4": {
                "error_rate": 0.007988907072825402
            },
            "qubit_5": {
                "error_rate": 0.03230182817753657
            },
            "qubit_6": {
                "error_rate": 0.013036305893146527
            },
            "qubit_7": {
                "error_rate": -0.0025127675983337427
            },
            "qubit_8": {
                "error_rate": 0.0008562101760938301
            }
        },
        "res_egmq1_xeb": {
            "hardware": [
                0.08828228577895958,
                0.12289276517074949,
                0.08898053812387569,
                0.0,
                0.0,
                0.0,
                0.0,
                0.04509214755687457,
                0.0829983154548028
            ],
            "use_fake_data": null
        }
    }
}