{
    "title": "Baihua_egm_data_20250106_095840.json",
    "chip_info": {
        "chip_name": "Baihua",
        "rows": 13,
        "columns": 13
    },
    "qubit_index_list": [
        0,
        1,
        2,
        3,
        4,
        5,
        6,
        7,
        8,
        9,
        10,
        11,
        12,
        13,
        14,
        15,
        16,
        17,
        18,
        19,
        20,
        21,
        22,
        23,
        24
    ],
    "qubit_connectivity": [
        [
            0,
            1
        ],
        [
            1,
            2
        ],
        [
            2,
            3
        ],
        [
            3,
            4
        ],
        [
            4,
            5
        ],
        [
            5,
            6
        ],
        [
            6,
            7
        ],
        [
            7,
            8
        ],
        [
            8,
            9
        ],
        [
            9,
            10
        ],
        [
            10,
            11
        ],
        [
            11,
            12
        ],
        [
            13,
            14
        ],
        [
            14,
            15
        ],
        [
            15,
            16
        ],
        [
            16,
            17
        ],
        [
            17,
            18
        ],
        [
            18,
            19
        ],
        [
            19,
            20
        ],
        [
            20,
            21
        ],
        [
            21,
            22
        ],
        [
            22,
            23
        ],
        [
            23,
            24
        ]
    ],
    "results": {
        "res_egmq1_rb": {
            "qubit_0": {
                "error_rate": 0.0017341764859858944
            },
            "qubit_1": {
                "error_rate": -0.0003744581709920203
            },
            "qubit_2": {
                "error_rate": 0.0011250129532521247
            },
            "qubit_3": {
                "error_rate": 0.0012214766168036628
            },
            "qubit_4": {
                "error_rate": -5.143450922828752e-05
            },
            "qubit_5": {
                "error_rate": -7.719504199787952e-05
            },
            "qubit_6": {
                "error_rate": 0.0018923579307598692
            },
            "qubit_7": {
                "error_rate": 0.0004976361857219058
            },
            "qubit_8": {
                "error_rate": 0.0019011347636826437
            },
            "qubit_9": {
                "error_rate": 0.0005963028443307095
            },
            "qubit_10": {
                "error_rate": 0.0020156371439572496
            },
            "qubit_11": {
                "error_rate": 0.0012800558186349398
            },
            "qubit_12": {
                "error_rate": 0.0006223978831255694
            },
            "qubit_13": {
                "error_rate": 0.0014013671237762537
            },
            "qubit_14": {
                "error_rate": 0.0020089533556922334
            },
            "qubit_15": {
                "error_rate": 0.001516246913169872
            },
            "qubit_16": {
                "error_rate": 0.0006640959847208361
            },
            "qubit_17": {
                "error_rate": -0.000320244623953303
            },
            "qubit_18": {
                "error_rate": -0.00048273946900068143
            },
            "qubit_19": {
                "error_rate": 0.002215838219794708
            },
            "qubit_20": {
                "error_rate": 0.0013714771413110838
            },
            "qubit_21": {
                "error_rate": 0.0014331696762666102
            },
            "qubit_22": {
                "error_rate": 0.003296939833577761
            },
            "qubit_23": {
                "error_rate": 0.0014341646415128029
            },
            "qubit_24": {
                "error_rate": 0.0025335269198498156
            }
        },
        "res_egmq1_xeb": {
            "hardware": [
                0.005627581656623748,
                0.013836982707080892,
                0.011992491018925189,
                0.004542469944590621,
                6.824740459310252e-05,
                0.007370159063434634,
                0.008542906557109542,
                0.0020699323829169725,
                0.0032568511671462463,
                0.0061146735317657575,
                0.0,
                0.0037178727149269064,
                0.0017101663748602114,
                0.008808961837336204,
                0.007755039078900572,
                0.00910491377528777,
                0.00987118307793311,
                0.006618533396164639,
                0.0070785651403525995,
                0.0061200752341707965,
                0.011259292610961924,
                0.005022892488802111,
                0.0,
                0.003957582872553156,
                0.009226455937781153
            ],
            "use_fake_data": null
        }
    }
}