{
    "title": "Baihua_egm_data_20250226_104836.json",
    "chip_info": {
        "chip_name": "Baihua",
        "rows": 12,
        "columns": 13
    },
    "qubit_index_list": [
        0,
        1,
        2,
        3,
        4,
        5,
        6,
        7,
        8
    ],
    "qubit_connectivity": [
        [
            0,
            1
        ],
        [
            1,
            2
        ],
        [
            2,
            3
        ],
        [
            3,
            4
        ],
        [
            4,
            5
        ],
        [
            5,
            6
        ],
        [
            6,
            7
        ],
        [
            7,
            8
        ]
    ],
    "results": {
        "res_egmq1_rb": {
            "qubit_0": {
                "error_rate": 0.004093501183657866
            },
            "qubit_1": {
                "error_rate": 0.0008366005514603425
            },
            "qubit_2": {
                "error_rate": 0.0022347434474829786
            },
            "qubit_3": {
                "error_rate": 0.0038549938804340322
            },
            "qubit_4": {
                "error_rate": 0.0031914472783125536
            },
            "qubit_5": {
                "error_rate": 0.00436759969557915
            },
            "qubit_6": {
                "error_rate": 0.00045523750785764205
            },
            "qubit_7": {
                "error_rate": 0.0032987620867849232
            },
            "qubit_8": {
                "error_rate": 0.002525471431626014
            }
        },
        "res_egmq1_xeb": {
            "hardware": [
                0.035084747746891964,
                0.02252245757249849,
                0.03341789587005034,
                0.03553186231567851,
                0.042347312325807906,
                0.037676688590219165,
                0.034819227934349994,
                0.03338047006727979,
                0.01942009756366142
            ],
            "use_fake_data": null
        },
        "res_egmq1_csbp2x": {
            "process_infidelities": [
                0.04347926071744945,
                0.04542938086237691,
                0.004346853302607645,
                0.0014570863715128723,
                0.006769409931230319,
                0.006533048923894835,
                0.044244547770464604,
                0.04450476073776155,
                0.0011705163252666573
            ],
            "stochastic_infidelities": [
                0.04277508883651049,
                0.044741758334905124,
                0.004339134222563046,
                0.0014533073151384857,
                0.006758356861841008,
                0.006523448951667343,
                0.043499319722135055,
                0.043717605243060675,
                0.001169232741265569
            ],
            "angle_errors": [
                0,
                0,
                0.0024499656119956192,
                0,
                0.003411302132312777,
                0.00017630955728464848,
                0.00174496006086855,
                0.0031184630751248665,
                0.002033790569385019
            ],
            "process_infidelity_avg": 0.021992762771396095,
            "stochastic_infidelity_avg": 0.0216641391365652,
            "angle_error_avg": 0.0014371990007746088
        },
        "res_egmq2_rb": {
            "[0, 1]": {
                "error_rate": 0.007659610726004101
            },
            "[1, 2]": {
                "error_rate": 0.005310634742180964
            },
            "[2, 3]": {
                "error_rate": 0.006338962895297617
            },
            "[3, 4]": {
                "error_rate": 0.009220901478100785
            },
            "[4, 5]": {
                "error_rate": 0.00649734697448609
            },
            "[5, 6]": {
                "error_rate": 0.00577945794043741
            },
            "[6, 7]": {
                "error_rate": 0.007311789512599032
            },
            "[7, 8]": {
                "error_rate": 0.00171814465884082
            },
            "average_error_rate": 0.0062296061159933525
        },
        "res_egmq2_xeb": {
            "hardware": [
                0.3615332446955907,
                0.3577082915076309,
                0.2869987086631911,
                0.17989309474424506,
                null,
                0.16035774172429187,
                0.17748727005517592,
                null
            ],
            "use_fake_data": null
        },
        "res_egmq2_csb": {
            "source": "noisysimulation",
            "qubit_pairs_results": [
                {
                    "process_infidelity": 1.1323370278093492e-06,
                    "stochastic_infidelity": 5.661686741653682e-07,
                    "theta_error": 0.09571292967826484,
                    "phi_error": 0.0
                },
                {
                    "process_infidelity": 0.0004117403361932892,
                    "stochastic_infidelity": 0.00020589136372350936,
                    "theta_error": 0.09539305197815073,
                    "phi_error": 0.0
                },
                {
                    "process_infidelity": 0.0,
                    "stochastic_infidelity": 0.0,
                    "theta_error": 0.09573535297244407,
                    "phi_error": 0.0
                },
                {
                    "process_infidelity": 1.1102230246251565e-16,
                    "stochastic_infidelity": 1.1102230246251565e-16,
                    "theta_error": 0.0958109736999897,
                    "phi_error": 0.0
                },
                {
                    "process_infidelity": 0.0004132340199202167,
                    "stochastic_infidelity": 0.0002066383596659449,
                    "theta_error": 0.09543825908216386,
                    "phi_error": 0.0
                },
                {
                    "process_infidelity": 0.00038886637429225157,
                    "stochastic_infidelity": 0.00019445209295432253,
                    "theta_error": 0.09578992490655525,
                    "phi_error": 0.0
                },
                {
                    "process_infidelity": 0.0,
                    "stochastic_infidelity": 0.0,
                    "theta_error": 0.09568767121053101,
                    "phi_error": 0.0
                },
                {
                    "process_infidelity": 9.007793350113147e-06,
                    "stochastic_infidelity": 4.503906817610037e-06,
                    "theta_error": 0.09568753226523086,
                    "phi_error": 0.0
                }
            ]
        },
        "res_egmqm_ghz": {
            "fidelity": [
                0.9987335417714203,
                0.9999676896078602,
                0.9999722521913597,
                0.9999747714209729,
                0.9999647732828724,
                0.9999738230099998
            ],
            "qubit_index": [
                0,
                1,
                2,
                3,
                4,
                5,
                6,
                7,
                8
            ],
            "source": "noisysimulation"
        },
        "res_egmqm_stqv": {
            "nqubits_nqubits_2": {
                "total_qubits": 2,
                "quantum_volume": 4,
                "error": null,
                "fidelity": null
            },
            "nqubits_nqubits_3": {
                "total_qubits": 3,
                "quantum_volume": 8,
                "error": null,
                "fidelity": null
            },
            "nqubits_nqubits_4": {
                "total_qubits": 4,
                "quantum_volume": 0,
                "error": null,
                "fidelity": null
            },
            "nqubits_nqubits_5": {
                "total_qubits": 5,
                "quantum_volume": 32,