{
    "title": "Baihua_egm_data_20250325_154151.json",
    "chip_info": {
        "chip_name": "Baihua",
        "rows": 12,
        "columns": 13
    },
    "qubit_index_list": [
        0,
        1,
        2,
        3,
        4,
        5,
        6,
        7,
        8
    ],
    "qubit_connectivity": [
        [
            0,
            1
        ],
        [
            1,
            2
        ],
        [
            2,
            3
        ],
        [
            3,
            4
        ],
        [
            4,
            5
        ],
        [
            5,
            6
        ],
        [
            6,
            7
        ],
        [
            7,
            8
        ]
    ],
    "results": {
        "res_egmq1_rb": {
            "qubit_0": {
                "error_rate": -0.0011397750755145486
            },
            "qubit_1": {
                "error_rate": 0.010435367219020886
            },
            "qubit_2": {
                "error_rate": 0.004901584723858876
            },
            "qubit_3": {
                "error_rate": 0.0006996466319882377
            },
            "qubit_4": {
                "error_rate": 0.01418323810226041
            },
            "qubit_5": {
                "error_rate": 0.008558304176468079
            },
            "qubit_6": {
                "error_rate": 0.0059964194797024195
            },
            "qubit_7": {
                "error_rate": 0.00453834775846873
            },
            "qubit_8": {
                "error_rate": 0.02792169209712303
            }
        },
        "res_egmq1_xeb": {
            "hardware": [
                0.342363230431768,
                0.0,
                0.1625448630908577,
                0.0,
                0.0,
                0.0,
                0.0,
                0.1593602296470193,
                0.0
            ],
            "use_fake_data": null
        },
        "res_egmq2_rb": {
            "[0, 1]": {
                "error_rate": 0.052815353587551184
            },
            "[1, 2]": {
                "error_rate": 0.03733902854331089
            },
            "[2, 3]": {
                "error_rate": 0.04299135273617394
            },
            "[3, 4]": {
                "error_rate": 0.014505800197297941
            },
            "[4, 5]": {
                "error_rate": 0.02220031646765655
            },
            "[5, 6]": {
                "error_rate": -0.0028150301139922562
            },
            "[6, 7]": {
                "error_rate": 0.00962801406380423
            },
            "[7, 8]": {
                "error_rate": 0.04319273115230407
            },
            "average_error_rate": 0.02748219582926332
        },
        "res_egmq2_xeb": {
            "hardware": [
                null,
                0.5424389208854645,
                0.7500000000025163,
                0.7500000000009273,
                null,
                0.0565978036913265,
                0.7425000000123724,
                0.6201651477455494
            ],
            "use_fake_data": null
        },
        "res_egmq2_csb": {
            "source": "noisysimulation",
            "qubit_pairs_results": [
                {
                    "process_infidelity": 0.0,
                    "stochastic_infidelity": 0.0,
                    "theta_error": 0.42949452053530335,
                    "phi_error": 0.0
                },
                {
                    "process_infidelity": 3.432532295044588e-05,
                    "stochastic_infidelity": 1.716280875618814e-05,
                    "theta_error": 0.4353231463262728,
                    "phi_error": 0.0
                },
                {
                    "process_infidelity": 0.0,
                    "stochastic_infidelity": 0.0,
                    "theta_error": 0.4360593328908644,
                    "phi_error": 0.0
                },
                {
                    "process_infidelity": 0.7980698987915644,
                    "stochastic_infidelity": 0.5506336670282969,
                    "theta_error": 0.0,
                    "phi_error": 0.0
                },
                {
                    "process_infidelity": 0.0,
                    "stochastic_infidelity": 0.0,
                    "theta_error": 0.4316318319620023,
                    "phi_error": 0.0
                },
                {
                    "process_infidelity": 0.0,
                    "stochastic_infidelity": 0.0,
                    "theta_error": 0.43087058770379194,
                    "phi_error": 0.0
                },
                {
                    "process_infidelity": 0.00041258433713908804,
                    "stochastic_infidelity": 0.0002063134511895992,
                    "theta_error": 0.43511580667639693,
                    "phi_error": 0.0
                },
                {
                    "process_infidelity": 0.8198171882361162,
                    "stochastic_infidelity": 0.575520540233236,
                    "theta_error": 0.0,
                    "phi_error": 0.0
                }
            ]
        },
        "res_egmqm_ghz": {
            "fidelity": [
                0.9999280826711607,
                0.9999659477459653,
                0.9999700612184055,
                0.9986102353194104,
                0.9999702981662083,
                0.9988440590582732
            ],
            "qubit_index": [
                0,
                1,
                2,
                3,
                4,
                5,
                6,
                7,
                8
            ],
            "source": "noisysimulation"
        },
        "res_egmqm_stqv": {
            "nqubits_nqubits_2": {
                "total_qubits": 2,
                "quantum_volume": 0,
                "error": null,
                "fidelity": null
            },
            "nqubits_nqubits_3": {
                "total_qubits": 3,
                "quantum_volume": 0,
                "error": null,
                "fidelity": null
            }
        },
        "res_egmqm_mrb": {
            "polarizations": [
                [
                    0.41621093750000004,
                    0.7982421875,
                    0.3583984375,
                    0.007714843749999999
                ],
                [
                    0.3343979779411765,
                    0.012293198529411764,
                    0.12860753676470588,
                    0.4957490808823529
                ],
                [
                    0.2608402014652015,
                    0.08561698717948718,
                    0.5992445054945055,
                    0.0007211538461538462
                ],
                [
                    0.21042000457770657,
                    0.2853227283131151,
                    0.003141451132982376,
                    0.1937314030670634
                ]
            ],
            "qubits_for_length": {
                "2": {
                    "4": [
                        0,
                        1
                    ],
                    "8": [
                        0,
                        1
                    ],
                    "12": [
                        0,
                        1
                    ],
                    "16": [
                        0,
                        1
                    ]
                },
                "4": {
                    "4": [
                        0,
                        1,
                        2,
                        3
                    ],
                    "8": [
                        0,
                        1,
                        2,
                        3
                    ],
                    "12": [
                        0,
                        1,
                        2,
                        3
                    ],