{
    "title": "Baihua_egm_data_20250226_153740.json",
    "chip_info": {
        "chip_name": "Baihua",
        "rows": 12,
        "columns": 13
    },
    "qubit_index_list": [
        0,
        1,
        2,
        3,
        4,
        5,
        6,
        7,
        8
    ],
    "qubit_connectivity": [
        [
            0,
            1
        ],
        [
            1,
            2
        ],
        [
            2,
            3
        ],
        [
            3,
            4
        ],
        [
            4,
            5
        ],
        [
            5,
            6
        ],
        [
            6,
            7
        ],
        [
            7,
            8
        ]
    ],
    "results": {
        "res_egmq1_rb": {
            "qubit_0": {
                "error_rate": 0.0033152027434164566
            },
            "qubit_1": {
                "error_rate": 0.001222975041906993
            },
            "qubit_2": {
                "error_rate": 0.0017138360439116207
            },
            "qubit_3": {
                "error_rate": 0.003973474002947508
            },
            "qubit_4": {
                "error_rate": 0.003996522813497383
            },
            "qubit_5": {
                "error_rate": 0.003814752872183136
            },
            "qubit_6": {
                "error_rate": 0.002999113823207944
            },
            "qubit_7": {
                "error_rate": 0.0035103936419793036
            },
            "qubit_8": {
                "error_rate": 0.003158136789806032
            }
        },
        "res_egmq1_xeb": {
            "hardware": [
                0.012883600098671788,
                0.028873922025336785,
                0.03259378426416332,
                0.037227959484468,
                0.03698925151442295,
                0.0370706053840274,
                0.03495038038749537,
                0.034795393698606625,
                0.024698741057284535
            ],
            "use_fake_data": null
        },
        "res_egmq1_csbp2x": {
            "process_infidelities": [
                0.0019430692444902808,
                0.005157130654733999,
                0.008164301936694152,
                0.005549495250224856,
                1.0,
                0.005303285175472516,
                0.005531239863270088,
                0.04091380715542925,
                0.005418105899153036
            ],
            "stochastic_infidelities": [
                0.0019416731603210113,
                0.0051483103124395635,
                0.008135760931770486,
                0.005539995012143417,
                0.2930332431412014,
                0.005296384995624681,
                0.0055203563154602175,
                0.04028655683338156,
                0.005408159286658387
            ],
            "angle_errors": [
                0.001600055658062205,
                0,
                0,
                0,
                0,
                0,
                0,
                1.623683789597763e-05,
                0.003116677563913095
            ],
            "process_infidelity_avg": 0.11977560390882985,
            "stochastic_infidelity_avg": 0.0411456044432223,
            "angle_error_avg": 0.0005258855622079198
        },
        "res_egmq2_rb": {
            "[0, 1]": {
                "error_rate": 0.0015076821097221027
            },
            "[1, 2]": {
                "error_rate": 0.009976896070840985
            },
            "[2, 3]": {
                "error_rate": 0.007782925285051534
            },
            "[3, 4]": {
                "error_rate": 0.010289424270691988
            },
            "[4, 5]": {
                "error_rate": 0.010410610028977668
            },
            "[5, 6]": {
                "error_rate": 0.0058895752399259205
            },
            "[6, 7]": {
                "error_rate": 0.004656903599702389
            },
            "[7, 8]": {
                "error_rate": 0.00511471882415751
            },
            "average_error_rate": 0.006953591928633762
        },
        "res_egmq2_xeb": {
            "hardware": [
                0.4044022358233915,
                0.2888991320874956,
                0.34684447838220245,
                0.7340334916936608,
                0.3745753444550255,
                null,
                0.41715807608793176,
                0.38347669521937533
            ],
            "use_fake_data": null
        },
        "res_egmq2_csb": {
            "source": "noisysimulation",
            "qubit_pairs_results": [
                {
                    "process_infidelity": 0.00044942057945140945,
                    "stochastic_infidelity": 0.0002247355427578146,
                    "theta_error": 0.09527784060008315,
                    "phi_error": 0.0
                },
                {
                    "process_infidelity": 4.684907936736149e-05,
                    "stochastic_infidelity": 2.3424814044603615e-05,
                    "theta_error": 0.09567434806381359,
                    "phi_error": 0.0
                },
                {
                    "process_infidelity": 4.906392417647343e-05,
                    "stochastic_infidelity": 2.4532263004251043e-05,
                    "theta_error": 0.09575747345018737,
                    "phi_error": 0.0
                },
                {
                    "process_infidelity": 2.220446049250313e-16,
                    "stochastic_infidelity": 1.1102230246251565e-16,
                    "theta_error": 0.09588438587923198,
                    "phi_error": 0.0
                },
                {
                    "process_infidelity": 0.0,
                    "stochastic_infidelity": 0.0,
                    "theta_error": 0.09582089399614446,
                    "phi_error": 0.0
                },
                {
                    "process_infidelity": 0.0,
                    "stochastic_infidelity": 0.0,
                    "theta_error": 0.09602421351534751,
                    "phi_error": 0.0
                },
                {
                    "process_infidelity": 0.00037201479883797184,
                    "stochastic_infidelity": 0.0001860247020138983,
                    "theta_error": 0.09529572093936789,
                    "phi_error": 0.0
                },
                {
                    "process_infidelity": 1.5632479611116246e-05,
                    "stochastic_infidelity": 7.816270352623e-06,
                    "theta_error": 0.09584492694451985,
                    "phi_error": 0.0
                }
            ]
        },
        "res_egmqm_ghz": {
            "fidelity": [
                0.9999517051683019,
                0.9999761195936625,
                0.9999757710362112,
                0.9999571422239302,
                0.9999647014574323,
                0.9999694155571608
            ],
            "qubit_index": [
                0,
                1,
                2,
                3,
                4,
                5,
                6,
                7,
                8
            ],
            "source": "noisysimulation"
        },
        "res_egmqm_stqv": {
            "nqubits_nqubits_2": {
                "total_qubits": 2,
                "quantum_volume": 4,
                "error": null,
                "fidelity": null
            },
            "nqubits_nqubits_3": {
                "total_qubits": 3,
                "quantum_volume": 0,
                "error": null,
                "fidelity": null
            },
            "nqubits_nqubits_4": {
                "total_qubits": 4,
                "quantum_volume": 0,
                "error": null,
                "fidelity": null
            },
            "nqubits_nqubits_5": {
                "total_qubits": 5,
                "quantum_volume": 32,
                "error": null,
                "fidelity": null
            }
        },