{
    "title": "Baihua_egm_data_20250226_111703.json",
    "chip_info": {
        "chip_name": "Baihua",
        "rows": 12,
        "columns": 13
    },
    "qubit_index_list": [
        0,
        1,
        2,
        3,
        4,
        5,
        6,
        7,
        8
    ],
    "qubit_connectivity": [
        [
            0,
            1
        ],
        [
            1,
            2
        ],
        [
            2,
            3
        ],
        [
            3,
            4
        ],
        [
            4,
            5
        ],
        [
            5,
            6
        ],
        [
            6,
            7
        ],
        [
            7,
            8
        ]
    ],
    "results": {
        "res_egmq1_rb": {
            "qubit_0": {
                "error_rate": 0.002226434536276467
            },
            "qubit_1": {
                "error_rate": 0.0027577711860125587
            },
            "qubit_2": {
                "error_rate": 0.0026126684003858758
            },
            "qubit_3": {
                "error_rate": 0.0017819908317387445
            },
            "qubit_4": {
                "error_rate": 0.0015692370479716278
            },
            "qubit_5": {
                "error_rate": 0.0036763002192924943
            },
            "qubit_6": {
                "error_rate": 0.0040702142431693344
            },
            "qubit_7": {
                "error_rate": 0.0030742044519706524
            },
            "qubit_8": {
                "error_rate": 0.0033878701010872647
            }
        },
        "res_egmq1_xeb": {
            "hardware": [
                0.01881937966873698,
                0.01903251546622603,
                0.026826546888549074,
                0.023596547515227162,
                0.018500055960481765,
                0.036247072441488226,
                0.025633951223333618,
                0.02603653826861302,
                0.04276550403074314
            ],
            "use_fake_data": null
        },
        "res_egmq1_csbp2x": {
            "process_infidelities": [
                0.0013890930568907223,
                0.005015994247069444,
                1.0,
                0.039619402010098836,
                0.005600358641926206,
                0.0009113104166789121,
                9.20688989110019e-05,
                0.006016281674186663,
                0.004825434861743583
            ],
            "stochastic_infidelities": [
                0.0013867334602204462,
                0.005004856964053839,
                0.2930779357975044,
                0.03903783872334443,
                0.005583134070564877,
                0.0009107846153718624,
                8.476603936669047e-05,
                0.006001581367682363,
                0.0048190140234002365
            ],
            "angle_errors": [
                0.0026821655637949693,
                0,
                0,
                0.002992995760195516,
                0,
                0,
                0.005400776126172291,
                0,
                0.00034648086316324544
            ],
            "process_infidelity_avg": 0.11816332708972282,
            "stochastic_infidelity_avg": 0.03954518278461213,
            "angle_error_avg": 0.0012691575903695579
        },
        "res_egmq2_rb": {
            "[0, 1]": {
                "error_rate": 0.009494763446655258
            },
            "[1, 2]": {
                "error_rate": 0.009848951948789014
            },
            "[2, 3]": {
                "error_rate": 0.0021939305131372377
            },
            "[3, 4]": {
                "error_rate": 0.00966803696711141
            },
            "[4, 5]": {
                "error_rate": 0.010212286635910811
            },
            "[5, 6]": {
                "error_rate": 0.003135651142348428
            },
            "[6, 7]": {
                "error_rate": 0.009811189197493964
            },
            "[7, 8]": {
                "error_rate": 0.005170126635585998
            },
            "average_error_rate": 0.007441867060879015
        },
        "res_egmq2_xeb": {
            "hardware": [
                null,
                0.33913068714133143,
                0.2207493545120395,
                0.3659924737472794,
                0.2276938113509366,
                0.3110076175903691,
                0.7330820546218217,
                0.3101466301257254
            ],
            "use_fake_data": null
        },
        "res_egmq2_csb": {
            "source": "noisysimulation",
            "qubit_pairs_results": [
                {
                    "process_infidelity": 3.182519914546322e-05,
                    "stochastic_infidelity": 1.591272618017836e-05,
                    "theta_error": 0.0954442651957832,
                    "phi_error": 0.0
                },
                {
                    "process_infidelity": 1.1102230246251565e-16,
                    "stochastic_infidelity": 1.1102230246251565e-16,
                    "theta_error": 0.09570837807593335,
                    "phi_error": 0.0
                },
                {
                    "process_infidelity": 7.178428895127098e-05,
                    "stochastic_infidelity": 3.589278862181633e-05,
                    "theta_error": 0.09576926777487271,
                    "phi_error": 0.0
                },
                {
                    "process_infidelity": 1.7365973699390302e-05,
                    "stochastic_infidelity": 8.683024547151419e-06,
                    "theta_error": 0.09556058486501051,
                    "phi_error": 0.0
                },
                {
                    "process_infidelity": 0.00037850766859837126,
                    "stochastic_infidelity": 0.00018927174619609577,
                    "theta_error": 0.09535315904550323,
                    "phi_error": 0.0
                },
                {
                    "process_infidelity": 0.0004502857936893312,
                    "stochastic_infidelity": 0.00022516824721441342,
                    "theta_error": 0.09525731055821174,
                    "phi_error": 0.0
                },
                {
                    "process_infidelity": 0.00044455889684646976,
                    "stochastic_infidelity": 0.00022230415799251446,
                    "theta_error": 0.09533723990434462,
                    "phi_error": 0.0
                },
                {
                    "process_infidelity": 8.261986651847408e-05,
                    "stochastic_infidelity": 4.131078654978637e-05,
                    "theta_error": 0.09574975647617734,
                    "phi_error": 0.0
                }
            ]
        },
        "res_egmqm_ghz": {
            "fidelity": [
                0.9987304406479593,
                0.99872976508934,
                0.9987073051944343,
                0.9999683383372189,
                0.999959013063996,
                0.998731458547835
            ],
            "qubit_index": [
                0,
                1,
                2,
                3,
                4,
                5,
                6,
                7,
                8
            ],
            "source": "noisysimulation"
        },
        "res_egmqm_stqv": {
            "nqubits_nqubits_2": {
                "total_qubits": 2,
                "quantum_volume": 0,
                "error": null,
                "fidelity": null
            },
            "nqubits_nqubits_3": {
                "total_qubits": 3,
                "quantum_volume": 0,
                "error": null,
                "fidelity": null
            },
            "nqubits_nqubits_4": {
                "total_qubits": 4,
                "quantum_volume": 0,
                "error": null,
                "fidelity": null
            },
            "nqubits_nqubits_5": {
                "total_qubits": 5,