{
    "title": "Baihua_egm_data_20250325_160623.json",
    "chip_info": {
        "chip_name": "Baihua",
        "rows": 12,
        "columns": 13
    },
    "qubit_index_list": [
        0,
        1,
        2,
        3,
        4,
        5,
        6,
        7,
        8
    ],
    "qubit_connectivity": [
        [
            0,
            1
        ],
        [
            1,
            2
        ],
        [
            2,
            3
        ],
        [
            3,
            4
        ],
        [
            4,
            5
        ],
        [
            5,
            6
        ],
        [
            6,
            7
        ],
        [
            7,
            8
        ]
    ],
    "results": {
        "res_egmq1_rb": {
            "qubit_0": {
                "error_rate": 0.002997928363064284
            },
            "qubit_1": {
                "error_rate": -0.002819452592699667
            },
            "qubit_2": {
                "error_rate": 0.02804198286237114
            },
            "qubit_3": {
                "error_rate": 0.008829235893100307
            },
            "qubit_4": {
                "error_rate": 0.03262527950879007
            },
            "qubit_5": {
                "error_rate": 0.021683675291517823
            },
            "qubit_6": {
                "error_rate": 0.015263790470610494
            },
            "qubit_7": {
                "error_rate": 0.0017849544690028418
            },
            "qubit_8": {
                "error_rate": 0.008547535887734825
            }
        },
        "res_egmq1_xeb": {
            "hardware": [
                0.021965145956068022,
                0.0,
                0.034170065419184714,
                0.0,
                0.007848199801545552,
                0.11696371882574025,
                0.028167726700575046,
                0.026225938136079485,
                0.05784775015234489
            ],
            "use_fake_data": null
        }
    }
}