{
    "title": "Baihua_egm_data_20250226_152632.json",
    "chip_info": {
        "chip_name": "Baihua",
        "rows": 12,
        "columns": 13
    },
    "qubit_index_list": [
        0,
        1,
        2,
        3,
        4,
        5,
        6,
        7,
        8
    ],
    "qubit_connectivity": [
        [
            0,
            1
        ],
        [
            1,
            2
        ],
        [
            2,
            3
        ],
        [
            3,
            4
        ],
        [
            4,
            5
        ],
        [
            5,
            6
        ],
        [
            6,
            7
        ],
        [
            7,
            8
        ]
    ],
    "results": {
        "res_egmq1_rb": {
            "qubit_0": {
                "error_rate": 0.00304398389711924
            },
            "qubit_1": {
                "error_rate": 0.0033073710498541797
            },
            "qubit_2": {
                "error_rate": 0.0032842613669606946
            },
            "qubit_3": {
                "error_rate": 0.003755274577132317
            },
            "qubit_4": {
                "error_rate": 0.003419724676719804
            },
            "qubit_5": {
                "error_rate": 0.0021345034621247927
            },
            "qubit_6": {
                "error_rate": 0.0018021638770638893
            },
            "qubit_7": {
                "error_rate": 0.0032153319992339613
            },
            "qubit_8": {
                "error_rate": 0.004099903124646198
            }
        },
        "res_egmq1_xeb": {
            "hardware": [
                0.03144015179744264,
                0.023775149034431786,
                0.021115920924907272,
                0.03175883479809988,
                0.02745197708387781,
                0.030951427511018037,
                0.03793132223336948,
                0.034003221364777014,
                0.03399204804791217
            ],
            "use_fake_data": null
        },
        "res_egmq1_csbp2x": {
            "process_infidelities": [
                0.044942364916392696,
                0.0003991865547354756,
                0.0005486728856020084,
                0.007655981650329657,
                0.0004164659734594567,
                0.00021233177092838673,
                0.006123083513759786,
                0.0061417941466419546,
                0.04129636618611143
            ],
            "stochastic_infidelities": [
                0.04416611326229647,
                0.00039905011249385947,
                0.0005479997955900595,
                0.007638655104453496,
                0.0004157277223295619,
                0.00021226310282385086,
                0.006105235547297028,
                0.0061232526177161795,
                0.0406384425448002
            ],
            "angle_errors": [
                0.006008437549792411,
                0.0006544421727021632,
                0,
                0,
                0,
                0,
                0.005412235161709189,
                0,
                0.0008337163062994701
            ],
            "process_infidelity_avg": 0.011970694177551207,
            "stochastic_infidelity_avg": 0.011805193312200079,
            "angle_error_avg": 0.0014343145767225815
        },
        "res_egmq2_rb": {
            "[0, 1]": {
                "error_rate": 0.004670278040733972
            },
            "[1, 2]": {
                "error_rate": 0.003387599072793762
            },
            "[2, 3]": {
                "error_rate": 0.006291249527308113
            },
            "[3, 4]": {
                "error_rate": 0.006887907548141559
            },
            "[4, 5]": {
                "error_rate": 0.0051700441437638744
            },
            "[5, 6]": {
                "error_rate": 0.007132688808126814
            },
            "[6, 7]": {
                "error_rate": 0.006474805775154996
            },
            "[7, 8]": {
                "error_rate": 0.008956559697242239
            },
            "average_error_rate": 0.006121391576658166
        },
        "res_egmq2_xeb": {
            "hardware": [
                0.3463760736424867,
                0.2189956644812914,
                0.7338699960530897,
                0.27738315881369574,
                0.540262143514066,
                0.7223283253666598,
                0.29507202511419506,
                0.14745696501845398
            ],
            "use_fake_data": null
        },
        "res_egmq2_csb": {
            "source": "noisysimulation",
            "qubit_pairs_results": [
                {
                    "process_infidelity": 0.0004422401796856379,
                    "stochastic_infidelity": 0.00022114454229715808,
                    "theta_error": 0.09523741630498606,
                    "phi_error": 0.0
                },
                {
                    "process_infidelity": 9.083317396463286e-06,
                    "stochastic_infidelity": 4.54166901164843e-06,
                    "theta_error": 0.09607451151246149,
                    "phi_error": 0.0
                },
                {
                    "process_infidelity": 0.0,
                    "stochastic_infidelity": 0.0,
                    "theta_error": 0.09571862538689269,
                    "phi_error": 0.0
                },
                {
                    "process_infidelity": 1.1102230246251565e-16,
                    "stochastic_infidelity": 1.1102230246251565e-16,
                    "theta_error": 0.09560236330592264,
                    "phi_error": 0.0
                },
                {
                    "process_infidelity": 1.8457812381411642e-05,
                    "stochastic_infidelity": 9.228948777417756e-06,
                    "theta_error": 0.0956722734206168,
                    "phi_error": 0.0
                },
                {
                    "process_infidelity": 5.2242060422980074e-05,
                    "stochastic_infidelity": 2.6121371374476787e-05,
                    "theta_error": 0.0956184679658425,
                    "phi_error": 0.0
                },
                {
                    "process_infidelity": 0.00043146971739982387,
                    "stochastic_infidelity": 0.0002157581344862658,
                    "theta_error": 0.09547328226958562,
                    "phi_error": 0.0
                },
                {
                    "process_infidelity": 1.1102230246251565e-16,
                    "stochastic_infidelity": 1.1102230246251565e-16,
                    "theta_error": 0.09568323678673085,
                    "phi_error": 0.0
                }
            ]
        },
        "res_egmqm_ghz": {
            "fidelity": [
                0.999982718457499,
                0.9999654432423747,
                0.9999844706864895,
                0.9999721632800979,
                0.9999659615615588,
                0.9999722500002364
            ],
            "qubit_index": [
                0,
                1,
                2,
                3,
                4,
                5,
                6,
                7,
                8
            ],
            "source": "noisysimulation"
        },
        "res_egmqm_stqv": {
            "nqubits_nqubits_2": {
                "total_qubits": 2,
                "quantum_volume": 0,
                "error": null,
                "fidelity": null
            },
            "nqubits_nqubits_3": {
                "total_qubits": 3,
                "quantum_volume": 8,
                "error": null,
                "fidelity": null
            },
            "nqubits_nqubits_4": {
                "total_qubits": 4,
                "quantum_volume": 16,
                "error": null,
                "fidelity": null
            },
            "nqubits_nqubits_5": {
                "total_qubits": 5,