{
    "title": "Baihua_egm_data_20250325_193017.json",
    "chip_info": {
        "chip_name": "Baihua",
        "rows": 12,
        "columns": 13
    },
    "qubit_index_list": [
        0,
        1,
        2,
        3,
        4,
        5,
        6,
        7,
        8
    ],
    "qubit_connectivity": [
        [
            0,
            1
        ],
        [
            1,
            2
        ],
        [
            2,
            3
        ],
        [
            3,
            4
        ],
        [
            4,
            5
        ],
        [
            5,
            6
        ],
        [
            6,
            7
        ],
        [
            7,
            8
        ]
    ],
    "results": {
        "res_egmq1_rb": {
            "qubit_0": {
                "error_rate": 0.012699504214007784
            },
            "qubit_1": {
                "error_rate": 0.010178265309443324
            },
            "qubit_2": {
                "error_rate": 0.009353342579836055
            },
            "qubit_3": {
                "error_rate": 0.009035083330323046
            },
            "qubit_4": {
                "error_rate": 0.0030695610620438685
            },
            "qubit_5": {
                "error_rate": 0.019527353312167095
            },
            "qubit_6": {
                "error_rate": 0.02529055529365254
            },
            "qubit_7": {
                "error_rate": 0.0010195846375103401
            },
            "qubit_8": {
                "error_rate": 0.007453020886045936
            }
        },
        "res_egmq1_xeb": {
            "hardware": [
                0.0,
                0.0,
                0.29299069356711105,
                0.13594674877762014,
                0.07491538828513711,
                0.041818683723514105,
                0.0,
                0.15904004636480013,
                0.0
            ],
            "use_fake_data": null
        },
        "res_egmq1_csbp2x": {
            "process_infidelities": [
                0.006109634353154814,
                0.004336306397185963,
                0.006089321199780451,
                0.00559036412590963,
                0.039720361304177,
                0.0060193263919301465,
                0.050304292319524935,
                0.0008114104245258158,
                0.03849847019720354
            ],
            "stochastic_infidelities": [
                0.006098100844625254,
                0.0043303217793659865,
                0.00607821473247927,
                0.005578551075327565,
                0.03911276777763739,
                0.006007910321659926,
                0.04982113855599102,
                0.0008112069191877902,
                0.037915522760678555
            ],
            "angle_errors": [
                0.0011982384188491402,
                0,
                0.0010891526434757548,
                0.002703250602162255,
                0,
                0.0013296981071986291,
                0.0009009106380730714,
                0,
                0.0027780528953864625
            ],
            "process_infidelity_avg": 0.017497720745932477,
            "stochastic_infidelity_avg": 0.017305970529661416,
            "angle_error_avg": 0.0011110337005717013
        },
        "res_egmq2_rb": {
            "[0, 1]": {
                "error_rate": 0.06897744888908292
            },
            "[1, 2]": {
                "error_rate": 0.10374642423532421
            },
            "[2, 3]": {
                "error_rate": 0.01760939159869629
            },
            "[3, 4]": {
                "error_rate": 0.0004889121298082
            },
            "[4, 5]": {
                "error_rate": 0.01330078272157001
            },
            "[5, 6]": {
                "error_rate": 0.030987183897435294
            },
            "[6, 7]": {
                "error_rate": -0.0017213217764320832
            },
            "[7, 8]": {
                "error_rate": 0.034613075120699666
            },
            "average_error_rate": 0.03350023710202306
        },
        "res_egmq2_xeb": {
            "hardware": [
                0.40518994539444303,
                0.0,
                0.30106027220697174,
                0.08263588594308027,
                0.0,
                0.3317511191175982,
                0.0,
                0.6855500224613229
            ],
            "use_fake_data": null
        },
        "res_egmq2_csb": {
            "source": "noisysimulation",
            "qubit_pairs_results": [
                {
                    "process_infidelity": 0.7764694400205012,
                    "stochastic_infidelity": 0.5272098139983247,
                    "theta_error": 0.0,
                    "phi_error": 0.0
                },
                {
                    "process_infidelity": 0.0,
                    "stochastic_infidelity": 0.0,
                    "theta_error": 0.4325793384287735,
                    "phi_error": 0.0
                },
                {
                    "process_infidelity": 7.95910384912002e-05,
                    "stochastic_infidelity": 3.979631111883375e-05,
                    "theta_error": 0.4325766611371553,
                    "phi_error": 0.0
                },
                {
                    "process_infidelity": 0.0017017589282657397,
                    "stochastic_infidelity": 0.0008512417704087394,
                    "theta_error": 0.43422668912313034,
                    "phi_error": 0.0
                },
                {
                    "process_infidelity": 0.00013934358940526081,
                    "stochastic_infidelity": 6.967422195125472e-05,
                    "theta_error": 0.4336490993674116,
                    "phi_error": 0.0
                },
                {
                    "process_infidelity": 0.0005061228916767302,
                    "stochastic_infidelity": 0.00025309347399160576,
                    "theta_error": 0.43236627488188306,
                    "phi_error": 0.0
                },
                {
                    "process_infidelity": 0.0,
                    "stochastic_infidelity": 0.0,
                    "theta_error": 0.4326953519128698,
                    "phi_error": 0.0
                },
                {
                    "process_infidelity": 0.0016416696239830442,
                    "stochastic_infidelity": 0.0008211719736966883,
                    "theta_error": 0.43487313317954523,
                    "phi_error": 0.0
                }
            ]
        },
        "res_egmqm_vqe": {
            "Final Energy": -0.7029303894399157,
            "Problem Description": "Hamiltonian with 4 terms on 2 qubits using EfficientSU2 ansatz."
        }
    }
}