{
    "title": "Baihua_egm_data_20250228_165849.json",
    "chip_info": {
        "chip_name": "Baihua",
        "rows": 12,
        "columns": 13
    },
    "qubit_index_list": [
        0,
        1,
        2,
        3,
        4,
        5,
        6,
        7,
        8
    ],
    "qubit_connectivity": [
        [
            0,
            1
        ],
        [
            1,
            2
        ],
        [
            2,
            3
        ],
        [
            3,
            4
        ],
        [
            4,
            5
        ],
        [
            5,
            6
        ],
        [
            6,
            7
        ],
        [
            7,
            8
        ]
    ],
    "results": {
        "res_egmq1_rb": {
            "qubit_0": {
                "error_rate": 0.002756257106053983
            },
            "qubit_1": {
                "error_rate": 0.004581976323547121
            },
            "qubit_2": {
                "error_rate": 0.0022076091276759247
            },
            "qubit_3": {
                "error_rate": 0.0019289210303249371
            },
            "qubit_4": {
                "error_rate": 0.004285930211557876
            },
            "qubit_5": {
                "error_rate": 0.003548863475498487
            },
            "qubit_6": {
                "error_rate": 0.0040702416298425415
            },
            "qubit_7": {
                "error_rate": 0.0022703165963736116
            },
            "qubit_8": {
                "error_rate": 0.003274645245937069
            }
        },
        "res_egmq1_xeb": {
            "hardware": [
                0.034277711797234656,
                0.030725602745238112,
                0.02443885305532756,
                0.03867340584666079,
                0.021882710467645228,
                0.018386687192453066,
                0.03536907616437207,
                0.029741680393556236,
                0.021012557691560796
            ],
            "use_fake_data": null
        },
        "res_egmq1_csbp2x": {
            "process_infidelities": [
                0.0048198145909348344,
                0.044484179453853634,
                0.0007318809989247388,
                0.040575979923341166,
                0.005036110092038082,
                0.041130832607796486,
                0.0394077874771952,
                0.0016751149923899256,
                0.0011557673961994919
            ],
            "stochastic_infidelities": [
                0.004811412243155511,
                0.04375046294508145,
                0.0007316017804557262,
                0.039963607658997535,
                0.00502945849121339,
                0.040473948426236084,
                0.03877219052303027,
                0.001674007607581851,
                0.0011552189816194103
            ],
            "angle_errors": [
                0,
                0,
                0.0008482060879229092,
                0.00929540401009632,
                0.0011358254759006314,
                0.0028795216222172737,
                0.012442009029242973,
                0,
                0
            ],
            "process_infidelity_avg": 0.019890829725852616,
            "stochastic_infidelity_avg": 0.019595767628596803,
            "angle_error_avg": 0.002955662913931123
        },
        "res_egmq2_rb": {
            "[0, 1]": {
                "error_rate": 2.9781769684794623e-05
            },
            "[1, 2]": {
                "error_rate": 0.006071058876900626
            },
            "[2, 3]": {
                "error_rate": 0.010630585714889285
            },
            "[3, 4]": {
                "error_rate": 0.006987011152685768
            },
            "[4, 5]": {
                "error_rate": 0.008814334395939594
            },
            "[5, 6]": {
                "error_rate": 0.011712185100836381
            },
            "[6, 7]": {
                "error_rate": 0.006513915494845285
            },
            "[7, 8]": {
                "error_rate": 0.009230849194757612
            },
            "average_error_rate": 0.007498715212567418
        },
        "res_egmq2_xeb": {
            "hardware": [
                0.355167401917078,
                0.3952394477961564,
                0.23263702337165373,
                null,
                0.30684376636723554,
                0.26508450991678056,
                0.5816235550748191,
                0.2601220822135897
            ],
            "use_fake_data": null
        },
        "res_egmq2_csb": {
            "source": "noisysimulation",
            "qubit_pairs_results": [
                {
                    "process_infidelity": 4.785263020057329e-06,
                    "stochastic_infidelity": 2.3926343724056665e-06,
                    "theta_error": 0.09549947053015861,
                    "phi_error": 0.0
                },
                {
                    "process_infidelity": 3.158449318130252e-05,
                    "stochastic_infidelity": 1.579237129012423e-05,
                    "theta_error": 0.09564246320045511,
                    "phi_error": 0.0
                },
                {
                    "process_infidelity": 2.6201883882137622e-05,
                    "stochastic_infidelity": 1.3101027759532258e-05,
                    "theta_error": 0.0955499708261538,
                    "phi_error": 0.0
                },
                {
                    "process_infidelity": 0.00043540727861013373,
                    "stochastic_infidelity": 0.00021772734190272924,
                    "theta_error": 0.09558242844305509,
                    "phi_error": 0.0
                },
                {
                    "process_infidelity": 2.416816543893141e-05,
                    "stochastic_infidelity": 1.208415573283883e-05,
                    "theta_error": 0.0956208800519387,
                    "phi_error": 0.0
                },
                {
                    "process_infidelity": 5.090313156541626e-06,
                    "stochastic_infidelity": 2.545159817235465e-06,
                    "theta_error": 0.09573519726205548,
                    "phi_error": 0.0
                },
                {
                    "process_infidelity": 2.3464757172964035e-05,
                    "stochastic_infidelity": 1.1732447411594293e-05,
                    "theta_error": 0.0955227309394937,
                    "phi_error": 0.0
                },
                {
                    "process_infidelity": 1.1163304089234494e-05,
                    "stochastic_infidelity": 5.581667622100994e-06,
                    "theta_error": 0.09563249410103758,
                    "phi_error": 0.0
                }
            ]
        },
        "res_egmqm_ghz": {
            "fidelity": [
                0.9999687194397959,
                0.9986047923807916,
                0.9988063145063093,
                0.9999727857296195,
                0.9986618974233897,
                0.9986972050880091
            ],
            "qubit_index": [
                0,
                1,
                2,
                3,
                4,
                5,
                6,
                7,
                8
            ],
            "source": "noisysimulation"
        },
        "res_egmqm_stqv": {
            "nqubits_nqubits_2": {
                "total_qubits": 2,
                "quantum_volume": 0,
                "error": null,
                "fidelity": null
            },
            "nqubits_nqubits_3": {
                "total_qubits": 3,
                "quantum_volume": 0,
                "error": null,
                "fidelity": null
            },
            "nqubits_nqubits_4": {
                "total_qubits": 4,
                "quantum_volume": 0,
                "error": null,
                "fidelity": null
            },