{
    "title": "Baihua_egm_data_20250325_153809.json",
    "chip_info": {
        "chip_name": "Baihua",
        "rows": 12,
        "columns": 13
    },
    "qubit_index_list": [
        0,
        1,
        2,
        3,
        4,
        5,
        6,
        7,
        8
    ],
    "qubit_connectivity": [
        [
            0,
            1
        ],
        [
            1,
            2
        ],
        [
            2,
            3
        ],
        [
            3,
            4
        ],
        [
            4,
            5
        ],
        [
            5,
            6
        ],
        [
            6,
            7
        ],
        [
            7,
            8
        ]
    ],
    "results": {
        "res_egmq1_rb": {
            "qubit_0": {
                "error_rate": 0.018302187277800475
            },
            "qubit_1": {
                "error_rate": 0.0006112212742130363
            },
            "qubit_2": {
                "error_rate": -0.006570719492626997
            },
            "qubit_3": {
                "error_rate": 0.01970716348718099
            },
            "qubit_4": {
                "error_rate": -4.841338715866339e-05
            },
            "qubit_5": {
                "error_rate": 0.004306889628399091
            },
            "qubit_6": {
                "error_rate": -0.003975558731818429
            },
            "qubit_7": {
                "error_rate": 0.007033104253573619
            },
            "qubit_8": {
                "error_rate": 0.03189285056075997
            }
        },
        "res_egmq1_xeb": {
            "hardware": [
                0.1799571601255217,
                0.07113965547662959,
                0.02150128960062697,
                0.42531825827719605,
                0.11833806824348259,
                0.0803627188864004,
                0.0,
                0.0,
                0.31932442873569966
            ],
            "use_fake_data": null
        },
        "res_egmq2_rb": {
            "[0, 1]": {
                "error_rate": 0.027703757969900045
            },
            "[1, 2]": {
                "error_rate": 0.004765495221763755
            },
            "[2, 3]": {
                "error_rate": 0.023119218846571227
            },
            "[3, 4]": {
                "error_rate": 0.011282018994563325
            },
            "[4, 5]": {
                "error_rate": 0.02516744996859216
            },
            "[5, 6]": {
                "error_rate": 0.007993020977384802
            },
            "[6, 7]": {
                "error_rate": 0.011036889985830522
            },
            "[7, 8]": {
                "error_rate": 0.00019647524172405895
            },
            "average_error_rate": 0.013908040900791237
        },
        "res_egmq2_xeb": {
            "hardware": [
                null,
                0.7501472013749952,
                null,
                0.7451820075435369,
                0.7425000000123724,
                0.7425000000123724,
                0.24338374237063742,
                0.7500000000005815
            ],
            "use_fake_data": null
        },
        "res_egmq2_csb": {
            "source": "noisysimulation",
            "qubit_pairs_results": [
                {
                    "process_infidelity": 1.1102230246251565e-16,
                    "stochastic_infidelity": 1.1102230246251565e-16,
                    "theta_error": 0.43022552958084326,
                    "phi_error": 0.0
                },
                {
                    "process_infidelity": 0.0,
                    "stochastic_infidelity": 0.0,
                    "theta_error": 0.4327199980225771,
                    "phi_error": 0.0
                },
                {
                    "process_infidelity": 0.0020748993680475003,
                    "stochastic_infidelity": 0.0010379883939767298,
                    "theta_error": 0.4317292335258087,
                    "phi_error": 0.0
                },
                {
                    "process_infidelity": 0.0,
                    "stochastic_infidelity": 0.0,
                    "theta_error": 0.43441822154688703,
                    "phi_error": 0.0
                },
                {
                    "process_infidelity": 1.1102230246251565e-16,
                    "stochastic_infidelity": 1.1102230246251565e-16,
                    "theta_error": 0.43235221108957234,
                    "phi_error": 0.0
                },
                {
                    "process_infidelity": 0.0023626178012221555,
                    "stochastic_infidelity": 0.00118200747144237,
                    "theta_error": 0.43135029419268545,
                    "phi_error": 0.0
                },
                {
                    "process_infidelity": 0.0027490630117888992,
                    "stochastic_infidelity": 0.001375477475036635,
                    "theta_error": 0.43199377674881,
                    "phi_error": 0.0
                },
                {
                    "process_infidelity": 0.002236040422093244,
                    "stochastic_infidelity": 0.0011186458953662548,
                    "theta_error": 0.43364997357912305,
                    "phi_error": 0.0
                }
            ]
        },
        "res_egmqm_ghz": {
            "fidelity": [
                0.999913991479391,
                0.9999861710169179,
                0.9988635104620109,
                0.9999939052473372,
                0.9999812529906921,
                0.9999822363305724
            ],
            "qubit_index": [
                0,
                1,
                2,
                3,
                4,
                5,
                6,
                7,
                8
            ],
            "source": "noisysimulation"
        },
        "res_egmqm_stqv": {
            "nqubits_nqubits_2": {
                "total_qubits": 2,
                "quantum_volume": 0,
                "error": null,
                "fidelity": null
            },
            "nqubits_nqubits_3": {
                "total_qubits": 3,
                "quantum_volume": 0,
                "error": null,
                "fidelity": null
            }
        },
        "res_egmqm_mrb": {
            "polarizations": [
                [
                    0.347265625,
                    0.3853515625,
                    0.019921875,
                    0.17216796875
                ],
                [
                    0.21955422794117646,
                    0.14021139705882352,
                    0.10581341911764705,
                    0.05592830882352941
                ],
                [
                    0.58125,
                    0.11244848901098903,
                    0.24328067765567765,
                    0.004973672161172161
                ],
                [
                    0.1743076218814374,
                    0.5890135042343786,
                    0.3595788509956512,
                    0.201796749828336
                ]
            ],
            "qubits_for_length": {
                "2": {
                    "4": [
                        0,
                        1
                    ],
                    "8": [
                        0,
                        1
                    ],
                    "12": [
                        0,
                        1
                    ],
                    "16": [
                        0,
                        1
                    ]
                },
                "4": {
                    "4": [
                        0,
                        1,
                        2,
                        3
                    ],
                    "8": [
                        0,
                        1,
                        2,
                        3
                    ],