{
    "title": "Baihua_egm_data_20250106_094447.json",
    "chip_info": {
        "chip_name": "Baihua",
        "rows": 13,
        "columns": 13
    },
    "qubit_index_list": [
        0,
        1,
        2,
        3,
        4,
        5,
        6,
        7,
        8,
        9,
        10,
        11,
        12,
        13,
        14,
        15,
        16,
        17,
        18,
        19,
        20,
        21,
        22,
        23,
        24
    ],
    "qubit_connectivity": [
        [
            0,
            1
        ],
        [
            1,
            2
        ],
        [
            2,
            3
        ],
        [
            3,
            4
        ],
        [
            4,
            5
        ],
        [
            5,
            6
        ],
        [
            6,
            7
        ],
        [
            7,
            8
        ],
        [
            8,
            9
        ],
        [
            9,
            10
        ],
        [
            10,
            11
        ],
        [
            11,
            12
        ],
        [
            13,
            14
        ],
        [
            14,
            15
        ],
        [
            15,
            16
        ],
        [
            16,
            17
        ],
        [
            17,
            18
        ],
        [
            18,
            19
        ],
        [
            19,
            20
        ],
        [
            20,
            21
        ],
        [
            21,
            22
        ],
        [
            22,
            23
        ],
        [
            23,
            24
        ]
    ],
    "results": {
        "res_egmq1_rb": {
            "qubit_0": {
                "error_rate": 0.0019420043613423976
            },
            "qubit_1": {
                "error_rate": 0.0015986168276557744
            },
            "qubit_2": {
                "error_rate": 0.0004492215778816866
            },
            "qubit_3": {
                "error_rate": 0.0005843748846029451
            },
            "qubit_4": {
                "error_rate": 0.0010901530680757499
            },
            "qubit_5": {
                "error_rate": 0.0011261168284910084
            },
            "qubit_6": {
                "error_rate": 0.002431479753404575
            },
            "qubit_7": {
                "error_rate": 0.0006836229077367695
            },
            "qubit_8": {
                "error_rate": 0.0008415490458066333
            },
            "qubit_9": {
                "error_rate": 0.00039151307805879165
            },
            "qubit_10": {
                "error_rate": 0.001914733855153783
            },
            "qubit_11": {
                "error_rate": 0.000309727501138668
            },
            "qubit_12": {
                "error_rate": 0.0005026482659295506
            },
            "qubit_13": {
                "error_rate": -0.0002740127309113216
            },
            "qubit_14": {
                "error_rate": 0.0012093019032818342
            },
            "qubit_15": {
                "error_rate": 0.0003864644477405421
            },
            "qubit_16": {
                "error_rate": 0.0012548418584971133
            },
            "qubit_17": {
                "error_rate": 0.0005047608484891053
            },
            "qubit_18": {
                "error_rate": 0.0004805313203124495
            },
            "qubit_19": {
                "error_rate": 0.000869814125158852
            },
            "qubit_20": {
                "error_rate": 0.0022534723616163266
            },
            "qubit_21": {
                "error_rate": 0.0010901232898406499
            },
            "qubit_22": {
                "error_rate": 0.0014452643418297884
            },
            "qubit_23": {
                "error_rate": 5.113230831799154e-06
            },
            "qubit_24": {
                "error_rate": 0.0005801187958100473
            }
        },
        "res_egmq1_xeb": {
            "hardware": [
                0.06519703776450508,
                0.017339729100180112,
                0.0,
                0.0,
                0.0,
                0.0,
                0.0,
                0.015582973727058802,
                0.0,
                0.07311205924193925,
                0.34794694740829746,
                0.015185724501987463,
                0.1830853264709984,
                0.0062885602981313515,
                0.014542711754523208,
                0.029868865662347255,
                0.0,
                0.055688730102738726,
                0.01390113826676842,
                0.4929693539956205,
                0.06441689108865684,
                0.012598536275860828,
                0.07798008143191298,
                0.006990554215214717,
                0.04180115550318747
            ],
            "use_fake_data": null
        },
        "res_egmq1_csbp2x": {
            "process_infidelities": [
                0.0036702078733742427,
                0.004470027185357717,
                0.004739277813425646,
                0.004543745600150473,
                0.004128702323451083,
                0.0041650237266606105,
                0.003907820568116893,
                0.003878848044071459,
                0.0032964195588376377,
                0.004116254146163456,
                0.00396074783371736,
                0.003983679666339279,
                0.004126554390456505,
                0.004783148773995993,
                0.00458013664658774,
                0.004669677943658468,
                0.004347593035178177,
                0.004562326828817298,
                0.004690572966226214,
                0.005164279260026827,
                0.0030006211514932435,
                0.004805641504751934,
                0.0034148785231159495,
                0.005136301317657965,
                0.0038950275870596185
            ],
            "stochastic_infidelities": [
                0.0036658084290767112,
                0.004461340462210028,
                0.004728929936417048,
                0.004534909889187366,
                0.004123118796889869,
                0.004152984017109174,
                0.0039017887075027957,
                0.003872162093693343,
                0.0032895691642510494,
                0.0041096398094701,
                0.003955637037345028,
                0.003978663747213451,
                0.00411990850808408,
                0.004774172638197904,
                0.004571703573278074,
                0.004662405949655946,
                0.004336276897181857,
                0.004554540819762476,
                0.004682955743001926,
                0.005150831043330029,
                0.0029960555004460154,
                0.00479692178388158,
                0.0034104918681177043,
                0.005126820642974095,
                0.0038880243071821585
            ],
            "angle_errors": [
                0,
                0,
                0.0029853797516308234,
                0.0023322128266221043,
                0,
                0.004849868615215414,
                0.001121764411172288,
                0.0008254454561300584,
                0,
                0,
                0,
                0,
                0.0007073102380201757,
                0,
                0,
                0.0016150463197548426,
                0,
                0.0004208888871637395,
                0,
                0.00042374107992948495,
                0,
                0,
                0.0022277930510923305,
                0,
                7.724370299477812e-05
            ],
            "process_infidelity_avg": 0.004241500570747672,
            "stochastic_infidelity_avg": 0.004233826454618392,
            "angle_error_avg": 0.0007034677735890415
        },