{
    "title": "Baihua_egm_data_20250325_120907.json",
    "chip_info": {
        "chip_name": "Baihua",
        "rows": 12,
        "columns": 13
    },
    "qubit_index_list": [
        0,
        1,
        2,
        3,
        4,
        5,
        6,
        7,
        8
    ],
    "qubit_connectivity": [
        [
            0,
            1
        ],
        [
            1,
            2
        ],
        [
            2,
            3
        ],
        [
            3,
            4
        ],
        [
            4,
            5
        ],
        [
            5,
            6
        ],
        [
            6,
            7
        ],
        [
            7,
            8
        ]
    ],
    "results": {
        "res_egmq1_rb": {
            "qubit_0": {
                "error_rate": 0.01650242981106076
            },
            "qubit_1": {
                "error_rate": 0.015183998115050001
            },
            "qubit_2": {
                "error_rate": 0.038013504712095525
            },
            "qubit_3": {
                "error_rate": 0.004510549675169062
            },
            "qubit_4": {
                "error_rate": 0.03607771568906659
            },
            "qubit_5": {
                "error_rate": -0.0008661560705786053
            },
            "qubit_6": {
                "error_rate": 0.027595127084233118
            },
            "qubit_7": {
                "error_rate": 0.010230019499803178
            },
            "qubit_8": {
                "error_rate": 0.0019489287764816732
            }
        },
        "res_egmq1_xeb": {
            "hardware": [
                0.0,
                0.0,
                0.30169080268149656,
                0.09893458436735669,
                0.11807353074646576,
                0.0,
                0.0,
                0.0,
                0.02371139501180375
            ],
            "use_fake_data": null
        }
    }
}