{
    "title": "Baihua_egm_data_20250226_173910.json",
    "chip_info": {
        "chip_name": "Baihua",
        "rows": 12,
        "columns": 13
    },
    "qubit_index_list": [
        0,
        1,
        2,
        3,
        4,
        5,
        6,
        7,
        8
    ],
    "qubit_connectivity": [
        [
            0,
            1
        ],
        [
            1,
            2
        ],
        [
            2,
            3
        ],
        [
            3,
            4
        ],
        [
            4,
            5
        ],
        [
            5,
            6
        ],
        [
            6,
            7
        ],
        [
            7,
            8
        ]
    ],
    "results": {
        "res_egmq1_rb": {
            "qubit_0": {
                "error_rate": 0.0038836452350415884
            },
            "qubit_1": {
                "error_rate": 0.004833782424546962
            },
            "qubit_2": {
                "error_rate": 0.003910743942264927
            },
            "qubit_3": {
                "error_rate": 0.0033768027687809954
            },
            "qubit_4": {
                "error_rate": 0.00281597851354104
            },
            "qubit_5": {
                "error_rate": 0.0016812787073444135
            },
            "qubit_6": {
                "error_rate": 0.0024933471062243417
            },
            "qubit_7": {
                "error_rate": 0.0027408979718658855
            },
            "qubit_8": {
                "error_rate": 0.0024142751153033437
            }
        },
        "res_egmq1_xeb": {
            "hardware": [
                0.0234655820910461,
                0.028245419416110695,
                0.02177504205832692,
                0.031055724701697207,
                0.024678105698402508,
                0.02636775071765879,
                0.049211255660105646,
                0.020352061119262854,
                0.03256455132038788
            ],
            "use_fake_data": null
        },
        "res_egmq1_csbp2x": {
            "process_infidelities": [
                0.043823835252082444,
                0.002529416406856999,
                0.04347707598583872,
                0.045136443919478575,
                0.04009941888986446,
                0.0013702628878426992,
                0.0056127752405097375,
                0.0006748849890804154,
                0.04129255526895448
            ],
            "stochastic_infidelities": [
                0.04304338691153675,
                0.002527267074623918,
                0.042784884246397814,
                0.04438433054906277,
                0.03949131794555971,
                0.00136577224546508,
                0.005600548380038206,
                0.0006743947606236977,
                0.04066068077811591
            ],
            "angle_errors": [
                0.011718873399229723,
                0,
                0.0022871766042822372,
                0.009253957282983505,
                0.0019831420917393316,
                0.0039651376723874865,
                0,
                0.0012439739153293772,
                0
            ],
            "process_infidelity_avg": 0.024890740982278725,
            "stochastic_infidelity_avg": 0.024503620321269317,
            "angle_error_avg": 0.0033835845517724067
        },
        "res_egmq2_rb": {
            "[0, 1]": {
                "error_rate": 0.007424127485339493
            },
            "[1, 2]": {
                "error_rate": 0.010066757229562767
            },
            "[2, 3]": {
                "error_rate": 0.007504442995242139
            },
            "[3, 4]": {
                "error_rate": 0.010546168647741716
            },
            "[4, 5]": {
                "error_rate": 0.009037559000990764
            },
            "[5, 6]": {
                "error_rate": 0.00972815276877173
            },
            "[6, 7]": {
                "error_rate": 0.009172948719560814
            },
            "[7, 8]": {
                "error_rate": 0.00560424258872072
            },
            "average_error_rate": 0.008635549929491268
        },
        "res_egmq2_xeb": {
            "hardware": [
                0.2420283240031632,
                0.7446700839546871,
                0.34808276979781183,
                0.733242818110739,
                0.7399639016864648,
                0.74660418974388,
                0.7440053887913404,
                0.7341490068337432
            ],
            "use_fake_data": null
        },
        "res_egmq2_csb": {
            "source": "noisysimulation",
            "qubit_pairs_results": [
                {
                    "process_infidelity": 1.1102230246251565e-16,
                    "stochastic_infidelity": 1.1102230246251565e-16,
                    "theta_error": 0.0958097918383305,
                    "phi_error": 0.0
                },
                {
                    "process_infidelity": 0.0,
                    "stochastic_infidelity": 0.0,
                    "theta_error": 0.09608155137468799,
                    "phi_error": 0.0
                },
                {
                    "process_infidelity": 1.1102230246251565e-16,
                    "stochastic_infidelity": 1.1102230246251565e-16,
                    "theta_error": 0.09617325028112766,
                    "phi_error": 0.0
                },
                {
                    "process_infidelity": 0.0003903195459278308,
                    "stochastic_infidelity": 0.00019517882034991718,
                    "theta_error": 0.09540861716551463,
                    "phi_error": 0.0
                },
                {
                    "process_infidelity": 0.0003862992525287545,
                    "stochastic_infidelity": 0.0001931682832572168,
                    "theta_error": 0.09568607603686097,
                    "phi_error": 0.0
                },
                {
                    "process_infidelity": 7.946088394494843e-06,
                    "stochastic_infidelity": 3.973052089767393e-06,
                    "theta_error": 0.09579401912016872,
                    "phi_error": 0.0
                },
                {
                    "process_infidelity": 3.152959258534427e-05,
                    "stochastic_infidelity": 1.576492055899159e-05,
                    "theta_error": 0.09594854218886217,
                    "phi_error": 0.0
                },
                {
                    "process_infidelity": 3.6964032817721204e-05,
                    "stochastic_infidelity": 1.8482187204460487e-05,
                    "theta_error": 0.09582165934516418,
                    "phi_error": 0.0
                }
            ]
        },
        "res_egmqm_ghz": {
            "fidelity": [
                0.9999644397050333,
                0.9999706872635429,
                0.9999731086801564,
                0.9999737420394841,
                0.9987494560925153,
                0.9999670007805788
            ],
            "qubit_index": [
                0,
                1,
                2,
                3,
                4,
                5,
                6,
                7,
                8
            ],
            "source": "noisysimulation"
        },
        "res_egmqm_stqv": {
            "nqubits_nqubits_2": {
                "total_qubits": 2,
                "quantum_volume": 4,
                "error": null,
                "fidelity": null
            },
            "nqubits_nqubits_3": {
                "total_qubits": 3,
                "quantum_volume": 8,
                "error": null,
                "fidelity": null
            },
            "nqubits_nqubits_4": {
                "total_qubits": 4,
                "quantum_volume": 0,
                "error": null,
                "fidelity": null
            },
            "nqubits_nqubits_5": {
                "total_qubits": 5,