{
    "title": "Baihua_egm_data_20250325_155952.json",
    "chip_info": {
        "chip_name": "Baihua",
        "rows": 12,
        "columns": 13
    },
    "qubit_index_list": [
        0,
        1,
        2,
        3,
        4,
        5,
        6,
        7,
        8
    ],
    "qubit_connectivity": [
        [
            0,
            1
        ],
        [
            1,
            2
        ],
        [
            2,
            3
        ],
        [
            3,
            4
        ],
        [
            4,
            5
        ],
        [
            5,
            6
        ],
        [
            6,
            7
        ],
        [
            7,
            8
        ]
    ],
    "results": {
        "res_egmq1_rb": {
            "qubit_0": {
                "error_rate": 0.017640729755540374
            },
            "qubit_1": {
                "error_rate": 0.02968792420745192
            },
            "qubit_2": {
                "error_rate": 0.01503618555149272
            },
            "qubit_3": {
                "error_rate": 0.007291837686103919
            },
            "qubit_4": {
                "error_rate": 0.007034673929649959
            },
            "qubit_5": {
                "error_rate": 0.003951883767946196
            },
            "qubit_6": {
                "error_rate": 0.0027022450659126007
            },
            "qubit_7": {
                "error_rate": 0.02005400472792518
            },
            "qubit_8": {
                "error_rate": 0.02761901958093632
            }
        },
        "res_egmq1_xeb": {
            "hardware": [
                0.04231138370676779,
                0.4167422453033785,
                0.0,
                0.13374193013059615,
                0.07540122870396693,
                0.16524537525756633,
                0.0,
                0.14098098805823878,
                0.0
            ],
            "use_fake_data": null
        }
    }
}