{
    "title": "Baihua_egm_data_20250325_152656.json",
    "chip_info": {
        "chip_name": "Baihua",
        "rows": 12,
        "columns": 13
    },
    "qubit_index_list": [
        0,
        1,
        2,
        3,
        4,
        5,
        6,
        7,
        8
    ],
    "qubit_connectivity": [
        [
            0,
            1
        ],
        [
            1,
            2
        ],
        [
            2,
            3
        ],
        [
            3,
            4
        ],
        [
            4,
            5
        ],
        [
            5,
            6
        ],
        [
            6,
            7
        ],
        [
            7,
            8
        ]
    ],
    "results": {
        "res_egmq1_rb": {
            "qubit_0": {
                "error_rate": -0.002931346189950612
            },
            "qubit_1": {
                "error_rate": 0.021840919511104895
            },
            "qubit_2": {
                "error_rate": -0.0159797124896518
            },
            "qubit_3": {
                "error_rate": 0.019836995723382378
            },
            "qubit_4": {
                "error_rate": 0.00497800389654518
            },
            "qubit_5": {
                "error_rate": 0.009214477827471534
            },
            "qubit_6": {
                "error_rate": 0.01041989750832334
            },
            "qubit_7": {
                "error_rate": -0.005691971329367829
            },
            "qubit_8": {
                "error_rate": 0.023275113302491157
            }
        },
        "res_egmq1_xeb": {
            "hardware": [
                0.08358100079357811,
                0.43799741881325277,
                0.16553691456471992,
                0.15525300683971216,
                0.0583184760833958,
                0.1608884458796913,
                0.1386380684521964,
                0.0055889894901660075,
                0.29818475472141664
            ],
            "use_fake_data": null
        },
        "res_egmq2_rb": {
            "[0, 1]": {
                "error_rate": 0.08550468848347037
            },
            "[1, 2]": {
                "error_rate": -0.01380356734888244
            },
            "[2, 3]": {
                "error_rate": 0.020303611876245603
            },
            "[3, 4]": {
                "error_rate": 0.005913401443607191
            },
            "[4, 5]": {
                "error_rate": 0.008737201898954106
            },
            "[5, 6]": {
                "error_rate": 0.04239320094026519
            },
            "[6, 7]": {
                "error_rate": -0.012783011979200343
            },
            "[7, 8]": {
                "error_rate": 0.05257687726691279
            },
            "average_error_rate": 0.02360530032267156
        },
        "res_egmq2_xeb": {
            "hardware": [
                0.7499999999988556,
                null,
                0.15638914118192496,
                0.7425000000123724,
                null,
                0.4493931426662651,
                0.74999999999986,
                0.028355248345367096
            ],
            "use_fake_data": null
        },
        "res_egmq2_csb": {
            "source": "noisysimulation",
            "qubit_pairs_results": [
                {
                    "process_infidelity": 0.0001332481569745747,
                    "stochastic_infidelity": 6.662629801912345e-05,
                    "theta_error": 0.43683245034578455,
                    "phi_error": 0.0
                },
                {
                    "process_infidelity": 0.0027962484630240647,
                    "stochastic_infidelity": 0.0013991029760809237,
                    "theta_error": 0.43105316016795303,
                    "phi_error": 0.0
                },
                {
                    "process_infidelity": 0.0019612823737854557,
                    "stochastic_infidelity": 0.0009811224875605484,
                    "theta_error": 0.430641720154914,
                    "phi_error": 0.0
                },
                {
                    "process_infidelity": 8.1322265832795e-05,
                    "stochastic_infidelity": 4.0661959613830234e-05,
                    "theta_error": 0.4344778135587788,
                    "phi_error": 0.0
                },
                {
                    "process_infidelity": 0.0,
                    "stochastic_infidelity": 0.0,
                    "theta_error": 0.4338630294423229,
                    "phi_error": 0.0
                },
                {
                    "process_infidelity": 0.0,
                    "stochastic_infidelity": 0.0,
                    "theta_error": 0.4285860247372728,
                    "phi_error": 0.0
                },
                {
                    "process_infidelity": 0.0002803492926769513,
                    "stochastic_infidelity": 0.00014018447218155927,
                    "theta_error": 0.43790325803533126,
                    "phi_error": 0.0
                },
                {
                    "process_infidelity": 0.0,
                    "stochastic_infidelity": 0.0,
                    "theta_error": 0.4370649527149877,
                    "phi_error": 0.0
                }
            ]
        },
        "res_egmqm_ghz": {
            "fidelity": [
                0.9999837569995349,
                0.9999630847067391,
                0.9985538012029966,
                0.9999934135347761,
                0.9999379268060491,
                0.9999712386567572
            ],
            "qubit_index": [
                0,
                1,
                2,
                3,
                4,
                5,
                6,
                7,
                8
            ],
            "source": "noisysimulation"
        },
        "res_egmqm_stqv": {
            "nqubits_nqubits_2": {
                "total_qubits": 2,
                "quantum_volume": 4,
                "error": null,
                "fidelity": null
            },
            "nqubits_nqubits_3": {
                "total_qubits": 3,
                "quantum_volume": 8,
                "error": null,
                "fidelity": null
            }
        },
        "res_egmqm_mrb": {
            "polarizations": [
                [
                    0.7748046875,
                    0.69267578125,
                    0.29658203125000004,
                    0.8095703125
                ],
                [
                    0.33115808823529413,
                    0.061397058823529416,
                    0.032421875,
                    0.45514705882352946
                ],
                [
                    0.0983974358974359,
                    0.019448260073260074,
                    0.49388736263736266,
                    0.0016082875457875457
                ],
                [
                    0.03614099336232547,
                    0.006378747997253376,
                    0.1561083772030213,
                    0.0006194209201190203
                ]
            ],
            "qubits_for_length": {
                "2": {
                    "4": [
                        0,
                        1
                    ],
                    "8": [
                        0,
                        1
                    ],
                    "12": [
                        0,
                        1
                    ],
                    "16": [
                        0,
                        1
                    ]
                },
                "4": {
                    "4": [
                        0,
                        1,
                        2,
                        3
                    ],
                    "8": [
                        0,
                        1,
                        2,
                        3
                    ],