{
    "title": "Baihua_egm_data_20250226_164510.json",
    "chip_info": {
        "chip_name": "Baihua",
        "rows": 12,
        "columns": 13
    },
    "qubit_index_list": [
        0,
        1,
        2,
        3,
        4,
        5,
        6,
        7,
        8
    ],
    "qubit_connectivity": [
        [
            0,
            1
        ],
        [
            1,
            2
        ],
        [
            2,
            3
        ],
        [
            3,
            4
        ],
        [
            4,
            5
        ],
        [
            5,
            6
        ],
        [
            6,
            7
        ],
        [
            7,
            8
        ]
    ],
    "results": {
        "res_egmq1_rb": {
            "qubit_0": {
                "error_rate": 0.004236921472752397
            },
            "qubit_1": {
                "error_rate": 0.002566073415188941
            },
            "qubit_2": {
                "error_rate": 0.0024411585665261026
            },
            "qubit_3": {
                "error_rate": 0.004332452657482
            },
            "qubit_4": {
                "error_rate": 0.0025255314898287584
            },
            "qubit_5": {
                "error_rate": 0.0034314470620083193
            },
            "qubit_6": {
                "error_rate": 0.003964585432995826
            },
            "qubit_7": {
                "error_rate": 0.0012447924922555642
            },
            "qubit_8": {
                "error_rate": 0.003495102137629824
            }
        },
        "res_egmq1_xeb": {
            "hardware": [
                0.017375659660971432,
                0.026122563108797292,
                0.03460053321741269,
                0.028648116475921914,
                0.05481738551097026,
                0.022877015809566525,
                0.04059764380673403,
                0.03274430951932167,
                0.03218709309526757
            ],
            "use_fake_data": null
        },
        "res_egmq1_csbp2x": {
            "process_infidelities": [
                0.008230396042859134,
                0.006579629646280449,
                0.005772594201175485,
                0.00720517080310723,
                0.0010138479248678056,
                0.00853110041074745,
                0.004966871239607595,
                0.04537660444233449,
                0.036304283943727755
            ],
            "stochastic_infidelities": [
                0.008197755673746143,
                0.006563827012330603,
                0.0057618561267648305,
                0.0071839975560186176,
                0.0010135954392891389,
                0.008513192426274574,
                0.004956212300864848,
                0.04459106307458516,
                0.03581937189458373
            ],
            "angle_errors": [
                0,
                0.0024430296880011415,
                0.0011272976110399124,
                0,
                0.0005593445095011251,
                0,
                0,
                0.00042033580710754137,
                0.006044816895255156
            ],
            "process_infidelity_avg": 0.013775610961634155,
            "stochastic_infidelity_avg": 0.013622319056050849,
            "angle_error_avg": 0.0011772027234338751
        },
        "res_egmq2_rb": {
            "[0, 1]": {
                "error_rate": 0.00781303799675312
            },
            "[1, 2]": {
                "error_rate": 0.008258216739662677
            },
            "[2, 3]": {
                "error_rate": 0.006851703481415172
            },
            "[3, 4]": {
                "error_rate": 0.011159545340207938
            },
            "[4, 5]": {
                "error_rate": 0.006648900497903398
            },
            "[5, 6]": {
                "error_rate": 0.00898236495827201
            },
            "[6, 7]": {
                "error_rate": 0.0030268615903743523
            },
            "[7, 8]": {
                "error_rate": 0.008558628581300687
            },
            "average_error_rate": 0.007662407398236169
        },
        "res_egmq2_xeb": {
            "hardware": [
                0.4316467939845855,
                0.3117193077040167,
                0.29040931979500206,
                0.20654617210375917,
                0.29396858140454774,
                null,
                0.3717779928363388,
                0.36162705345949253
            ],
            "use_fake_data": null
        },
        "res_egmq2_csb": {
            "source": "noisysimulation",
            "qubit_pairs_results": [
                {
                    "process_infidelity": 5.390190964604802e-05,
                    "stochastic_infidelity": 2.6951318009782455e-05,
                    "theta_error": 0.09583125292827788,
                    "phi_error": 0.0
                },
                {
                    "process_infidelity": 6.498204003102526e-05,
                    "stochastic_infidelity": 3.249154786588715e-05,
                    "theta_error": 0.09610661333597692,
                    "phi_error": 0.0
                },
                {
                    "process_infidelity": 2.562217597645855e-06,
                    "stochastic_infidelity": 1.281109619388765e-06,
                    "theta_error": 0.09572380880250142,
                    "phi_error": 0.0
                },
                {
                    "process_infidelity": 0.0003554832096562821,
                    "stochastic_infidelity": 0.00017775740367542703,
                    "theta_error": 0.09551351226247995,
                    "phi_error": 0.0
                },
                {
                    "process_infidelity": 0.00036523746121697176,
                    "stochastic_infidelity": 0.00018263540845464554,
                    "theta_error": 0.09526927781190553,
                    "phi_error": 0.0
                },
                {
                    "process_infidelity": 1.1102230246251565e-16,
                    "stochastic_infidelity": 1.1102230246251565e-16,
                    "theta_error": 0.09565080275879367,
                    "phi_error": 0.0
                },
                {
                    "process_infidelity": 5.754294544813021e-05,
                    "stochastic_infidelity": 2.877188663474861e-05,
                    "theta_error": 0.09585111075989605,
                    "phi_error": 0.0
                },
                {
                    "process_infidelity": 1.3044557403474322e-05,
                    "stochastic_infidelity": 6.522299971889467e-06,
                    "theta_error": 0.09540449243855864,
                    "phi_error": 0.0
                }
            ]
        },
        "res_egmqm_ghz": {
            "fidelity": [
                0.998813954340466,
                0.9986757185917429,
                0.9986713315197806,
                0.9986482182854677,
                0.9999803696652723,
                0.9987144748290044
            ],
            "qubit_index": [
                0,
                1,
                2,
                3,
                4,
                5,
                6,
                7,
                8
            ],
            "source": "noisysimulation"
        },
        "res_egmqm_stqv": {
            "nqubits_nqubits_2": {
                "total_qubits": 2,
                "quantum_volume": 4,
                "error": null,
                "fidelity": null
            },
            "nqubits_nqubits_3": {
                "total_qubits": 3,
                "quantum_volume": 0,
                "error": null,
                "fidelity": null
            },
            "nqubits_nqubits_4": {
                "total_qubits": 4,
                "quantum_volume": 0,
                "error": null,
                "fidelity": null
            },