{
    "title": "Baihua_egm_data_20250325_154045.json",
    "chip_info": {
        "chip_name": "Baihua",
        "rows": 12,
        "columns": 13
    },
    "qubit_index_list": [
        0,
        1,
        2,
        3,
        4,
        5,
        6,
        7,
        8
    ],
    "qubit_connectivity": [
        [
            0,
            1
        ],
        [
            1,
            2
        ],
        [
            2,
            3
        ],
        [
            3,
            4
        ],
        [
            4,
            5
        ],
        [
            5,
            6
        ],
        [
            6,
            7
        ],
        [
            7,
            8
        ]
    ],
    "results": {
        "res_egmq1_rb": {
            "qubit_0": {
                "error_rate": -0.009244001297163074
            },
            "qubit_1": {
                "error_rate": 0.0215694460984015
            },
            "qubit_2": {
                "error_rate": 0.012808776829857094
            },
            "qubit_3": {
                "error_rate": 0.004243618002971183
            },
            "qubit_4": {
                "error_rate": 0.02907796741782337
            },
            "qubit_5": {
                "error_rate": 0.0031462740228798136
            },
            "qubit_6": {
                "error_rate": 0.023302378096256626
            },
            "qubit_7": {
                "error_rate": 0.005239217582485578
            },
            "qubit_8": {
                "error_rate": 0.0065529938244239805
            }
        },
        "res_egmq1_xeb": {
            "hardware": [
                0.14786511357083854,
                0.1372191523371541,
                0.11188727714321894,
                0.1703499631780146,
                0.2146758208351719,
                0.0,
                0.0,
                0.02243454698429609,
                0.06309961490224392
            ],
            "use_fake_data": null
        },
        "res_egmq2_rb": {
            "[0, 1]": {
                "error_rate": 0.07052271805778704
            },
            "[1, 2]": {
                "error_rate": 0.011904253255539038
            },
            "[2, 3]": {
                "error_rate": 0.053963132452264945
            },
            "[3, 4]": {
                "error_rate": 0.0063243316144303285
            },
            "[4, 5]": {
                "error_rate": 0.005205747601272515
            },
            "[5, 6]": {
                "error_rate": 0.030981964140850582
            },
            "[6, 7]": {
                "error_rate": 0.006014252459170533
            },
            "[7, 8]": {
                "error_rate": 0.030318504330244078
            },
            "average_error_rate": 0.026904362988944882
        },
        "res_egmq2_xeb": {
            "hardware": [
                null,
                null,
                0.7425000000123724,
                null,
                null,
                null,
                0.7425000000123724,
                0.7425000000123724
            ],
            "use_fake_data": null
        },
        "res_egmq2_csb": {
            "source": "noisysimulation",
            "qubit_pairs_results": [
                {
                    "process_infidelity": 1.1102230246251565e-16,
                    "stochastic_infidelity": 1.1102230246251565e-16,
                    "theta_error": 0.4317243144584637,
                    "phi_error": 0.0
                },
                {
                    "process_infidelity": 0.0,
                    "stochastic_infidelity": 0.0,
                    "theta_error": 0.4300847396011407,
                    "phi_error": 0.0
                },
                {
                    "process_infidelity": 1.1102230246251565e-16,
                    "stochastic_infidelity": 1.1102230246251565e-16,
                    "theta_error": 0.43084866181938297,
                    "phi_error": 0.0
                },
                {
                    "process_infidelity": 0.0,
                    "stochastic_infidelity": 0.0,
                    "theta_error": 0.43129538804053036,
                    "phi_error": 0.0
                },
                {
                    "process_infidelity": 0.0,
                    "stochastic_infidelity": 0.0,
                    "theta_error": 0.4311765768842881,
                    "phi_error": 0.0
                },
                {
                    "process_infidelity": 1.1102230246251565e-16,
                    "stochastic_infidelity": 1.1102230246251565e-16,
                    "theta_error": 0.43487335056717136,
                    "phi_error": 0.0
                },
                {
                    "process_infidelity": 0.0,
                    "stochastic_infidelity": 0.0,
                    "theta_error": 0.4297033029367845,
                    "phi_error": 0.0
                },
                {
                    "process_infidelity": 0.0028893035953259094,
                    "stochastic_infidelity": 0.0014456968173067741,
                    "theta_error": 0.4399509025052164,
                    "phi_error": 0.0
                }
            ]
        },
        "res_egmqm_ghz": {
            "fidelity": [
                0.999967734011058,
                0.9999518179625252,
                0.9999833546796291,
                0.9999272273342291,
                0.9984596337965009,
                0.9988148237016392
            ],
            "qubit_index": [
                0,
                1,
                2,
                3,
                4,
                5,
                6,
                7,
                8
            ],
            "source": "noisysimulation"
        },
        "res_egmqm_stqv": {
            "nqubits_nqubits_2": {
                "total_qubits": 2,
                "quantum_volume": 0,
                "error": null,
                "fidelity": null
            },
            "nqubits_nqubits_3": {
                "total_qubits": 3,
                "quantum_volume": 0,
                "error": null,
                "fidelity": null
            }
        },
        "res_egmqm_mrb": {
            "polarizations": [
                [
                    0.37431640624999996,
                    0.2548828125,
                    0.16162109375,
                    0.11503906250000001
                ],
                [
                    0.6708639705882353,
                    0.4814797794117647,
                    0.01128216911764706,
                    0.12026654411764705
                ],
                [
                    0.6495306776556777,
                    0.13602335164835166,
                    0.005969551282051282,
                    0.001053113553113553
                ],
                [
                    0.13456168459601742,
                    0.04005207141222247,
                    0.007590409704737927,
                    0.00415140764476997
                ]
            ],
            "qubits_for_length": {
                "2": {
                    "4": [
                        0,
                        1
                    ],
                    "8": [
                        0,
                        1
                    ],
                    "12": [
                        0,
                        1
                    ],
                    "16": [
                        0,
                        1
                    ]
                },
                "4": {
                    "4": [
                        0,
                        1,
                        2,
                        3
                    ],
                    "8": [
                        0,
                        1,
                        2,
                        3
                    ],