{
    "title": "Baihua_egm_data_20250325_155658.json",
    "chip_info": {
        "chip_name": "Baihua",
        "rows": 12,
        "columns": 13
    },
    "qubit_index_list": [
        0,
        1,
        2,
        3,
        4,
        5,
        6,
        7,
        8
    ],
    "qubit_connectivity": [
        [
            0,
            1
        ],
        [
            1,
            2
        ],
        [
            2,
            3
        ],
        [
            3,
            4
        ],
        [
            4,
            5
        ],
        [
            5,
            6
        ],
        [
            6,
            7
        ],
        [
            7,
            8
        ]
    ],
    "results": {
        "res_egmq1_rb": {
            "qubit_0": {
                "error_rate": 0.01859158881617562
            },
            "qubit_1": {
                "error_rate": -0.005431015391757943
            },
            "qubit_2": {
                "error_rate": 0.008617548249866658
            },
            "qubit_3": {
                "error_rate": 0.013838652316818634
            },
            "qubit_4": {
                "error_rate": 0.012727368660049254
            },
            "qubit_5": {
                "error_rate": 0.004691059606396153
            },
            "qubit_6": {
                "error_rate": 0.0017324203347188205
            },
            "qubit_7": {
                "error_rate": 0.01705611737899798
            },
            "qubit_8": {
                "error_rate": 0.006951694738841163
            }
        },
        "res_egmq1_xeb": {
            "hardware": [
                0.3793764446063445,
                0.04301811446967485,
                0.00880676589105811,
                0.08107769046197666,
                0.11765247702211412,
                0.1453392318369981,
                0.0,
                0.07265351062955788,
                0.2164458410702631
            ],
            "use_fake_data": null
        },
        "res_egmq2_rb": {
            "[0, 1]": {
                "error_rate": 0.06689666454986762
            },
            "[1, 2]": {
                "error_rate": 0.021567135088090134
            },
            "[2, 3]": {
                "error_rate": 0.052858631868319544
            },
            "[3, 4]": {
                "error_rate": -0.004620519679088386
            },
            "[4, 5]": {
                "error_rate": -0.003288883088592376
            },
            "[5, 6]": {
                "error_rate": -0.003327391676591074
            },
            "[6, 7]": {
                "error_rate": 0.030820027825985336
            },
            "[7, 8]": {
                "error_rate": 0.04843669621515248
            },
            "average_error_rate": 0.02616779513789291
        },
        "res_egmq2_xeb": {
            "hardware": [
                0.7425000000123724,
                null,
                0.7425000000123724,
                0.7425000000123724,
                0.7425000000123724,
                null,
                0.7500000000004998,
                null
            ],
            "use_fake_data": null
        },
        "res_egmq2_csb": {
            "source": "noisysimulation",
            "qubit_pairs_results": [
                {
                    "process_infidelity": 0.0,
                    "stochastic_infidelity": 0.0,
                    "theta_error": 0.4348118201241058,
                    "phi_error": 0.0
                },
                {
                    "process_infidelity": 0.0,
                    "stochastic_infidelity": 0.0,
                    "theta_error": 0.4372024032703221,
                    "phi_error": 0.0
                },
                {
                    "process_infidelity": 0.0,
                    "stochastic_infidelity": 0.0,
                    "theta_error": 0.4340200873846509,
                    "phi_error": 0.0
                },
                {
                    "process_infidelity": 0.0004085213714345448,
                    "stochastic_infidelity": 0.00020428155119334157,
                    "theta_error": 0.43722959255272764,
                    "phi_error": 0.0
                },
                {
                    "process_infidelity": 0.004441757144077574,
                    "stochastic_infidelity": 0.002223350215128317,
                    "theta_error": 0.43887129008133696,
                    "phi_error": 0.0
                },
                {
                    "process_infidelity": 0.0,
                    "stochastic_infidelity": 0.0,
                    "theta_error": 0.43588312487425895,
                    "phi_error": 0.0
                },
                {
                    "process_infidelity": 0.0030349795623064724,
                    "stochastic_infidelity": 0.0015186429193114748,
                    "theta_error": 0.432846920596075,
                    "phi_error": 0.0
                },
                {
                    "process_infidelity": 0.0,
                    "stochastic_infidelity": 0.0,
                    "theta_error": 0.43057038026735794,
                    "phi_error": 0.0
                }
            ]
        },
        "res_egmqm_ghz": {
            "fidelity": [
                0.9989046930513191,
                0.9979745049373101,
                0.9986268080654968,
                0.9983911427028804,
                0.9999873334066584,
                0.9992074906802605
            ],
            "qubit_index": [
                0,
                1,
                2,
                3,
                4,
                5,
                6,
                7,
                8
            ],
            "source": "noisysimulation"
        },
        "res_egmqm_stqv": {
            "nqubits_nqubits_2": {
                "total_qubits": 2,
                "quantum_volume": 4,
                "error": null,
                "fidelity": null
            },
            "nqubits_nqubits_3": {
                "total_qubits": 3,
                "quantum_volume": 0,
                "error": null,
                "fidelity": null
            }
        },
        "res_egmqm_mrb": {
            "polarizations": [
                [
                    0.8470703125000001,
                    0.8767578125,
                    0.16445312500000003,
                    0.08720703125,
                    0.15029296875
                ],
                [
                    0.6587316176470588,
                    0.08051470588235293,
                    0.013717830882352941,
                    0.0342141544117647,
                    0.5255744485294118
                ],
                [
                    0.8024954212454212,
                    0.3224702380952381,
                    0.030339972527472527,
                    0.40099015567765567,
                    0.004063644688644688
                ],
                [
                    0.10379377431906615,
                    0.03710517280842298,
                    0.020603971160448615,
                    0.005666342412451362,
                    0.0003876745250629435
                ]
            ],
            "qubits_for_length": {
                "2": {
                    "4": [
                        0,
                        1
                    ],
                    "8": [
                        0,
                        1
                    ],
                    "12": [
                        0,
                        1
                    ],
                    "16": [
                        0,
                        1
                    ],
                    "20": [
                        0,
                        1
                    ]
                },
                "4": {
                    "4": [
                        0,
                        1,
                        2,
                        3
                    ],