{
    "title": "Baihua_egm_data_20250325_192634.json",
    "chip_info": {
        "chip_name": "Baihua",
        "rows": 12,
        "columns": 13
    },
    "qubit_index_list": [
        0,
        1,
        2,
        3,
        4,
        5,
        6,
        7,
        8
    ],
    "qubit_connectivity": [
        [
            0,
            1
        ],
        [
            1,
            2
        ],
        [
            2,
            3
        ],
        [
            3,
            4
        ],
        [
            4,
            5
        ],
        [
            5,
            6
        ],
        [
            6,
            7
        ],
        [
            7,
            8
        ]
    ],
    "results": {
        "res_egmq1_rb": {
            "qubit_0": {
                "error_rate": -0.0029284192324655622
            },
            "qubit_1": {
                "error_rate": 0.008149808637640699
            },
            "qubit_2": {
                "error_rate": 0.0169139630995363
            },
            "qubit_3": {
                "error_rate": 0.019572416718038776
            },
            "qubit_4": {
                "error_rate": 0.013583794808831817
            },
            "qubit_5": {
                "error_rate": -0.0013220271011850082
            },
            "qubit_6": {
                "error_rate": 0.014946856236762562
            },
            "qubit_7": {
                "error_rate": -0.0034454324423064397
            },
            "qubit_8": {
                "error_rate": 0.03447052682391166
            }
        },
        "res_egmq1_xeb": {
            "hardware": [
                0.05735835398240691,
                0.035138111153631746,
                0.0,
                0.0,
                0.04404390403835512,
                0.07763239560243335,
                0.07491405898694886,
                0.0,
                0.16613520242049828
            ],
            "use_fake_data": null
        },
        "res_egmq1_csbp2x": {
            "process_infidelities": [
                0.007934647380033688,
                0.000881317600046394,
                0.005936069183564818,
                0.03974030593172018,
                0.005838187172758413,
                0.00596029499340045,
                0.0004507730651583941,
                0.04254117855766282,
                0.006011571533183879
            ],
            "stochastic_infidelities": [
                0.00792244844259038,
                0.0008809953549201444,
                0.005925466195619178,
                0.03911214595595547,
                0.005827797577384497,
                0.005949605171579941,
                0.0004499675281157689,
                0.04187554643582814,
                0.006001647885626293
            ],
            "angle_errors": [
                0,
                0,
                0,
                0,
                0,
                0.0007505371398714988,
                0,
                8.22169742613621e-05,
                0
            ],
            "process_infidelity_avg": 0.012810482824169892,
            "stochastic_infidelity_avg": 0.012660624505291089,
            "angle_error_avg": 9.252823490365121e-05
        },
        "res_egmq2_rb": {
            "[0, 1]": {
                "error_rate": 0.004283666967895894
            },
            "[1, 2]": {
                "error_rate": 0.014544750446259191
            },
            "[2, 3]": {
                "error_rate": -0.01594707124730038
            },
            "[3, 4]": {
                "error_rate": 0.0021240617213107715
            },
            "[4, 5]": {
                "error_rate": 0.03894305784163096
            },
            "[5, 6]": {
                "error_rate": -0.047555467656722306
            },
            "[6, 7]": {
                "error_rate": 0.036840963716501474
            },
            "[7, 8]": {
                "error_rate": 0.06425969750832994
            },
            "average_error_rate": 0.012186707412238193
        },
        "res_egmq2_xeb": {
            "hardware": [
                0.35386538557932545,
                0.352273706864355,
                0.2619530125588422,
                0.4037096458408924,
                0.3288581707380209,
                0.19734180830727518,
                0.0,
                0.0
            ],
            "use_fake_data": null
        },
        "res_egmq2_csb": {
            "source": "noisysimulation",
            "qubit_pairs_results": [
                {
                    "process_infidelity": 0.0002898301024860661,
                    "stochastic_infidelity": 0.00014492555295098075,
                    "theta_error": 0.43425119767123554,
                    "phi_error": 0.0
                },
                {
                    "process_infidelity": 0.0,
                    "stochastic_infidelity": 0.0,
                    "theta_error": 0.4308828475337787,
                    "phi_error": 0.0
                },
                {
                    "process_infidelity": 0.7840144399031377,
                    "stochastic_infidelity": 0.5352575335770764,
                    "theta_error": 0.0,
                    "phi_error": 0.0
                },
                {
                    "process_infidelity": 0.00044803223668665737,
                    "stochastic_infidelity": 0.00022404121557650925,
                    "theta_error": 0.4337292827414925,
                    "phi_error": 0.0
                },
                {
                    "process_infidelity": 0.0013647166340982064,
                    "stochastic_infidelity": 0.0006825912824786062,
                    "theta_error": 0.43246406699855555,
                    "phi_error": 0.0
                },
                {
                    "process_infidelity": 0.00043200476536808807,
                    "stochastic_infidelity": 0.00021602571623913214,
                    "theta_error": 0.4326902347655688,
                    "phi_error": 0.0
                },
                {
                    "process_infidelity": 0.0,
                    "stochastic_infidelity": 0.0,
                    "theta_error": 0.432023447583076,
                    "phi_error": 0.0
                },
                {
                    "process_infidelity": 0.0003433130901094872,
                    "stochastic_infidelity": 0.00017167128056905234,
                    "theta_error": 0.4370521485258556,
                    "phi_error": 0.0
                }
            ]
        },
        "res_egmqm_vqe": {
            "Final Energy": -0.702930391488154,
            "Problem Description": "Hamiltonian with 4 terms on 2 qubits using EfficientSU2 ansatz."
        }
    }
}