{
    "title": "Baihua_egm_data_20250325_191352.json",
    "chip_info": {
        "chip_name": "Baihua",
        "rows": 12,
        "columns": 13
    },
    "qubit_index_list": [
        0,
        1,
        2,
        3,
        4,
        5,
        6,
        7,
        8
    ],
    "qubit_connectivity": [
        [
            0,
            1
        ],
        [
            1,
            2
        ],
        [
            2,
            3
        ],
        [
            3,
            4
        ],
        [
            4,
            5
        ],
        [
            5,
            6
        ],
        [
            6,
            7
        ],
        [
            7,
            8
        ]
    ],
    "results": {
        "res_egmq1_rb": {
            "qubit_0": {
                "error_rate": 0.03814984406721339
            },
            "qubit_1": {
                "error_rate": 0.0012342195952192436
            },
            "qubit_2": {
                "error_rate": 0.012565573111287531
            },
            "qubit_3": {
                "error_rate": 0.02938968343650905
            },
            "qubit_4": {
                "error_rate": 0.035905443170381746
            },
            "qubit_5": {
                "error_rate": -0.004391283157912262
            },
            "qubit_6": {
                "error_rate": 0.014356497509840582
            },
            "qubit_7": {
                "error_rate": 0.019734315577450923
            },
            "qubit_8": {
                "error_rate": 0.013816032581398296
            }
        },
        "res_egmq1_xeb": {
            "hardware": [
                0.2760490147992779,
                0.060008002785148895,
                0.07464328492993161,
                0.0,
                0.07598052455669752,
                0.005723948617046948,
                0.10167823336051113,
                0.3442728801085708,
                0.010798328336692808
            ],
            "use_fake_data": null
        },
        "res_egmq1_csbp2x": {
            "process_infidelities": [
                0.062272398468819046,
                0.000900215684939587,
                0.005552764678313338,
                0.0010238498750256841,
                0.005519236580148856,
                0.039854463545528906,
                0.0005717827248610252,
                0.005316064076235083,
                0.04058438339962778
            ],
            "stochastic_infidelities": [
                0.06169580634730054,
                0.0008999978867891834,
                0.005543300118637906,
                0.0010234587240921522,
                0.005510924116016835,
                0.039184439017178274,
                0.000571286056639031,
                0.0053069241725876015,
                0.03991259289799576
            ],
            "angle_errors": [
                0,
                0.0003261262950700061,
                0,
                0.00081092472180333,
                0,
                0.0004888891263776785,
                0.0013279459411370542,
                0.001238615121232689,
                0
            ],
            "process_infidelity_avg": 0.01795501767038881,
            "stochastic_infidelity_avg": 0.017738747704137477,
            "angle_error_avg": 0.0004658334672911953
        }
    }
}