{
    "title": "Baihua_egm_data_20250103_161203.json",
    "chip_info": {
        "chip_name": "Baihua",
        "rows": 13,
        "columns": 13
    },
    "qubit_index_list": [
        0,
        1,
        2,
        3,
        4,
        5
    ],
    "qubit_connectivity": [
        [
            0,
            1
        ],
        [
            1,
            2
        ],
        [
            2,
            3
        ],
        [
            3,
            4
        ],
        [
            4,
            5
        ]
    ],
    "results": {
        "res_egmq1_rb": {
            "qubit_0": {
                "error_rate": 0.0014489888098017656
            },
            "qubit_1": {
                "error_rate": 0.0012980486439202465
            },
            "qubit_2": {
                "error_rate": 0.00173268897539669
            },
            "qubit_3": {
                "error_rate": 0.0015964992759786023
            },
            "qubit_4": {
                "error_rate": 0.0018982255917308066
            },
            "qubit_5": {
                "error_rate": 0.0013850327877177326
            }
        },
        "res_egmq1_xeb": {
            "hardware": [
                0.01422302740321385,
                0.014152525242934366,
                0.007414291395509365,
                0.011183991728147935,
                0.007418156004482035,
                0.004105948494718292
            ],
            "use_fake_data": null
        },
        "res_egmq1_csbp2x": {
            "process_infidelities": [
                1.0,
                0.005270990209468529,
                0.003952858811069326,
                0.003961514919348819,
                0.0034423836152861487,
                0.004359264116763351
            ],
            "stochastic_infidelities": [
                0.2934686239041262,
                0.005263636850850295,
                0.003947455353663476,
                0.003956024928635782,
                0.0034371659242252717,
                0.004353604296333025
            ],
            "angle_errors": [
                0,
                0.0024682392797985564,
                0,
                0.0015679966902195641,
                0,
                0
            ],
            "process_infidelity_avg": 0.1701645019453227,
            "stochastic_infidelity_avg": 0.05240441854297234,
            "angle_error_avg": 0.0006727059950030201
        },
        "res_egmq2_rb": {
            "[0, 1]": {
                "error_rate": 0.005935654823426645
            },
            "[1, 2]": {
                "error_rate": 0.0060772555174428144
            },
            "[2, 3]": {
                "error_rate": 0.005565434466525576
            },
            "[3, 4]": {
                "error_rate": 0.006224607736479315
            },
            "[4, 5]": {
                "error_rate": 0.006818396581905917
            },
            "average_error_rate": 0.006124269825156054
        },
        "res_egmq2_xeb": {
            "hardware": [
                0.10470730808916637,
                0.2758006940468331,
                0.07151190416416286,
                0.25959257871941777,
                0.12914387327366408
            ],
            "use_fake_data": null
        },
        "res_egmq2_csb_cz": {
            "source": "noisysimulation",
            "qubit_pairs_results": [
                {
                    "process_infidelity": 0.0004922065812165144,
                    "stochastic_infidelity": 0.00024613358147818065,
                    "theta_error": 0.07230326025140821,
                    "phi_error": 0.0
                },
                {
                    "process_infidelity": 0.0004480049344902648,
                    "stochastic_infidelity": 0.00022402756141925995,
                    "theta_error": 0.07244845955465351,
                    "phi_error": 0.0
                },
                {
                    "process_infidelity": 0.0004609887713475924,
                    "stochastic_infidelity": 0.00023052095562925423,
                    "theta_error": 0.07244849996324199,
                    "phi_error": 0.0
                },
                {
                    "process_infidelity": 0.0004433303608963879,
                    "stochastic_infidelity": 0.00022168975362157894,
                    "theta_error": 0.07225150543510539,
                    "phi_error": 0.0
                },
                {
                    "process_infidelity": 0.0005141105456925033,
                    "stochastic_infidelity": 0.0002570883200484486,
                    "theta_error": 0.07236667279826436,
                    "phi_error": 0.0
                }
            ]
        },
        "res_egmqm_ghz": {
            "fidelity": [
                0.9967067399002023,
                0.994873635858687,
                0.9931179264348693,
                0.9909620843325679,
                0.9893564118386518,
                0.988622550624557
            ],
            "qubit_index": [
                0,
                1,
                2,
                3,
                4,
                5
            ],
            "source": "noisysimulation"
        },
        "res_egmqm_stqv": {
            "nqubits_nqubits_2": {
                "total_qubits": 2,
                "quantum_volume": 4,
                "error": null,
                "fidelity": null
            },
            "nqubits_nqubits_3": {
                "total_qubits": 3,
                "quantum_volume": 8,
                "error": null,
                "fidelity": null
            },
            "nqubits_nqubits_4": {
                "total_qubits": 4,
                "quantum_volume": 16,
                "error": null,
                "fidelity": null
            },
            "nqubits_nqubits_5": {
                "total_qubits": 5,
                "quantum_volume": 0,
                "error": null,
                "fidelity": null
            }
        },
        "res_egmqm_mrb": {
            "qubit_groups": {
                "qubit_group_1": {
                    "length_1": 0.8699804687499999,
                    "length_2": 0.7723828125000001,
                    "length_3": 0.7546484375,
                    "length_4": 0.6939062500000001,
                    "length_5": 0.6274218750000001,
                    "length_6": 0.55982421875
                },
                "qubit_group_2": {
                    "length_1": 0.766079963235294,
                    "length_2": 0.6750735294117647,
                    "length_3": 0.5735615808823529,
                    "length_4": 0.5036259191176471,
                    "length_5": 0.4061626838235294,
                    "length_6": 0.39210018382352935
                },
                "qubit_group_3": {
                    "length_1": 0.70308836996337,
                    "length_2": 0.5750045787545788,
                    "length_3": 0.4319070512820513,
                    "length_4": 0.3701923076923077,
                    "length_5": 0.2877667124542125,
                    "length_6": 0.21351304945054944
                }
            }
        },
        "res_egmqm_clops": {
            "CLOPSQM": 69237.83213616801
        },
        "res_egmqm_vqe": {
            "Final Energy": -0.7029303899991526,
            "Problem Description": "Hamiltonian with 4 terms on 2 qubits using EfficientSU2 ansatz."
        }
    }
}