{
    "title": "Baihua_egm_data_20250226_172858.json",
    "chip_info": {
        "chip_name": "Baihua",
        "rows": 12,
        "columns": 13
    },
    "qubit_index_list": [
        0,
        1,
        2,
        3,
        4,
        5,
        6,
        7,
        8
    ],
    "qubit_connectivity": [
        [
            0,
            1
        ],
        [
            1,
            2
        ],
        [
            2,
            3
        ],
        [
            3,
            4
        ],
        [
            4,
            5
        ],
        [
            5,
            6
        ],
        [
            6,
            7
        ],
        [
            7,
            8
        ]
    ],
    "results": {
        "res_egmq1_rb": {
            "qubit_0": {
                "error_rate": 0.0032364442022277395
            },
            "qubit_1": {
                "error_rate": 0.0027243764301875806
            },
            "qubit_2": {
                "error_rate": 0.0009180527044130304
            },
            "qubit_3": {
                "error_rate": 0.0027110582275310935
            },
            "qubit_4": {
                "error_rate": 0.004928512467017421
            },
            "qubit_5": {
                "error_rate": 0.0014132986940405545
            },
            "qubit_6": {
                "error_rate": 0.0028225689681965482
            },
            "qubit_7": {
                "error_rate": 0.004043093879800952
            },
            "qubit_8": {
                "error_rate": 0.0046594586197065135
            }
        },
        "res_egmq1_xeb": {
            "hardware": [
                0.02323939821022769,
                0.03676892916374569,
                0.02797660983433342,
                0.045348920205186605,
                0.02384268001974743,
                0.02346109959948789,
                0.03520711533000698,
                0.032534083478167,
                0.030292448896454216
            ],
            "use_fake_data": null
        },
        "res_egmq1_csbp2x": {
            "process_infidelities": [
                0.044539038699967115,
                0.0011268365125767232,
                0.04815783659776263,
                0.006009316198918757,
                0.0005507409802010255,
                0.04301812783204506,
                0.001589579208441938,
                0.0002973374075188051,
                5.189184107967648e-07
            ],
            "stochastic_infidelities": [
                0.04379218677712016,
                0.001126436097077188,
                0.04768666912031483,
                0.005992013031707155,
                0.0005500981020389872,
                0.042324602893593966,
                0.001588546981010075,
                0.0002939553190708377,
                0
            ],
            "angle_errors": [
                0.0051042340645135464,
                0,
                0.009654773135813866,
                0.005238304271284244,
                0.001539336305206529,
                0.007404359609468836,
                0.0011679728624827135,
                0.003670959795588624,
                0.0014407199596704334
            ],
            "process_infidelity_avg": 0.016143259150649205,
            "stochastic_infidelity_avg": 0.015928278702437022,
            "angle_error_avg": 0.00391340666711431
        },
        "res_egmq2_rb": {
            "[0, 1]": {
                "error_rate": 0.005057861279266662
            },
            "[1, 2]": {
                "error_rate": 0.008903872431397064
            },
            "[2, 3]": {
                "error_rate": 0.007273772962595515
            },
            "[3, 4]": {
                "error_rate": 0.0072802060434343785
            },
            "[4, 5]": {
                "error_rate": 0.009825508826410173
            },
            "[5, 6]": {
                "error_rate": 0.009992724493998906
            },
            "[6, 7]": {
                "error_rate": 0.0063853115160866225
            },
            "[7, 8]": {
                "error_rate": 0.006813734609751598
            },
            "average_error_rate": 0.007691624020367615
        },
        "res_egmq2_xeb": {
            "hardware": [
                0.09452131615047316,
                0.1188616560955246,
                0.17590678744013905,
                null,
                0.7411826220811353,
                0.7405327989784425,
                null,
                0.2690047451741738
            ],
            "use_fake_data": null
        },
        "res_egmq2_csb": {
            "source": "noisysimulation",
            "qubit_pairs_results": [
                {
                    "process_infidelity": 1.1102230246251565e-16,
                    "stochastic_infidelity": 1.1102230246251565e-16,
                    "theta_error": 0.09611846445464733,
                    "phi_error": 0.0
                },
                {
                    "process_infidelity": 0.0004070156220212784,
                    "stochastic_infidelity": 0.00020352852294047707,
                    "theta_error": 0.09540429568928666,
                    "phi_error": 0.0
                },
                {
                    "process_infidelity": 0.0004979324399155827,
                    "stochastic_infidelity": 0.00024899721976556766,
                    "theta_error": 0.0955697174012693,
                    "phi_error": 0.0
                },
                {
                    "process_infidelity": 0.0,
                    "stochastic_infidelity": 0.0,
                    "theta_error": 0.09605623835070487,
                    "phi_error": 0.0
                },
                {
                    "process_infidelity": 0.0003788773088674313,
                    "stochastic_infidelity": 0.0001894566013356247,
                    "theta_error": 0.09524685841541114,
                    "phi_error": 0.0
                },
                {
                    "process_infidelity": 8.556490931455052e-06,
                    "stochastic_infidelity": 4.278254617462451e-06,
                    "theta_error": 0.09572172294838355,
                    "phi_error": 0.0
                },
                {
                    "process_infidelity": 5.8332631998281315e-05,
                    "stochastic_infidelity": 2.9166741348563008e-05,
                    "theta_error": 0.0958319297900303,
                    "phi_error": 0.0
                },
                {
                    "process_infidelity": 0.0004245990846359904,
                    "stochastic_infidelity": 0.00021232208265142827,
                    "theta_error": 0.0954948315248414,
                    "phi_error": 0.0
                }
            ]
        },
        "res_egmqm_ghz": {
            "fidelity": [
                0.9986841656279213,
                0.9999586998006529,
                0.9999727369605147,
                0.9999781483331993,
                0.9986962599268013,
                0.9999708929489716
            ],
            "qubit_index": [
                0,
                1,
                2,
                3,
                4,
                5,
                6,
                7,
                8
            ],
            "source": "noisysimulation"
        },
        "res_egmqm_stqv": {
            "nqubits_nqubits_2": {
                "total_qubits": 2,
                "quantum_volume": 0,
                "error": null,
                "fidelity": null
            },
            "nqubits_nqubits_3": {
                "total_qubits": 3,
                "quantum_volume": 0,
                "error": null,
                "fidelity": null
            },
            "nqubits_nqubits_4": {
                "total_qubits": 4,
                "quantum_volume": 16,
                "error": null,
                "fidelity": null
            },
            "nqubits_nqubits_5": {
                "total_qubits": 5,