{
    "title": "Baihua_egm_data_20250104_114525.json",
    "chip_info": {
        "chip_name": "Baihua",
        "rows": 13,
        "columns": 13
    },
    "qubit_index_list": [
        0,
        1,
        2
    ],
    "qubit_connectivity": [
        [
            0,
            1
        ],
        [
            1,
            2
        ]
    ],
    "results": {
        "res_egmq1_rb": {
            "qubit_0": {
                "error_rate": 0.01001448344736372
            },
            "qubit_1": {
                "error_rate": 0.008491534497369169
            },
            "qubit_2": {
                "error_rate": 0.0014883225078141105
            }
        }
    }
}