{
    "title": "Baihua_egm_data_20250226_102633.json",
    "chip_info": {
        "chip_name": "Baihua",
        "rows": 12,
        "columns": 13
    },
    "qubit_index_list": [
        0,
        1,
        2,
        3,
        4,
        5,
        6,
        7,
        8
    ],
    "qubit_connectivity": [
        [
            0,
            1
        ],
        [
            1,
            2
        ],
        [
            2,
            3
        ],
        [
            3,
            4
        ],
        [
            4,
            5
        ],
        [
            5,
            6
        ],
        [
            6,
            7
        ],
        [
            7,
            8
        ]
    ],
    "results": {
        "res_egmq1_rb": {
            "qubit_0": {
                "error_rate": 0.0020283572038031217
            },
            "qubit_1": {
                "error_rate": 0.002109162607642101
            },
            "qubit_2": {
                "error_rate": 0.0029297136202487972
            },
            "qubit_3": {
                "error_rate": 0.0020830902324694422
            },
            "qubit_4": {
                "error_rate": 0.0019283386292586746
            },
            "qubit_5": {
                "error_rate": 0.0011704847294758958
            },
            "qubit_6": {
                "error_rate": 0.0020095255659220435
            },
            "qubit_7": {
                "error_rate": 0.003659508190001215
            },
            "qubit_8": {
                "error_rate": 0.0030066655479837334
            }
        },
        "res_egmq1_xeb": {
            "hardware": [
                0.031502628279960254,
                0.03993308293530057,
                0.02460614869940131,
                0.03352447474392006,
                0.01975267568635264,
                0.03477346726505609,
                0.029915445110279937,
                0.02963280163016402,
                0.01711764804705118
            ],
            "use_fake_data": null
        },
        "res_egmq1_csbp2x": {
            "process_infidelities": [
                0.04281552512475173,
                0.0025028632942536433,
                0.0011923475410947626,
                0.001102354061555566,
                0.005475556878466237,
                0.04344493872692279,
                0.005607090831396433,
                0.04284509458251584,
                0.043162269205789805
            ],
            "stochastic_infidelities": [
                0.042141044717663445,
                0.0025001467818434042,
                0.0011900739886224754,
                0.0010975576701648393,
                0.005467555819782199,
                0.0427555052240044,
                0.005597334652167385,
                0.042159214133442924,
                0.04245411515281983
            ],
            "angle_errors": [
                0,
                0,
                0,
                0,
                0.0005293146199034648,
                0,
                0.0013178889104117353,
                0.0016866438594711486,
                0.008325907293900592
            ],
            "process_infidelity_avg": 0.020905337805194088,
            "stochastic_infidelity_avg": 0.02059583868227899,
            "angle_error_avg": 0.0013177505204096602
        },
        "res_egmq2_rb": {
            "[0, 1]": {
                "error_rate": 0.005990827346710664
            },
            "[1, 2]": {
                "error_rate": 0.003737517255611611
            },
            "[2, 3]": {
                "error_rate": 0.008691598610810952
            },
            "[3, 4]": {
                "error_rate": 0.009427052192496566
            },
            "[4, 5]": {
                "error_rate": 0.011642677250510436
            },
            "[5, 6]": {
                "error_rate": 0.01129720824762781
            },
            "[6, 7]": {
                "error_rate": 0.010610037214352414
            },
            "[7, 8]": {
                "error_rate": 0.010074654181021353
            },
            "average_error_rate": 0.008933946537392726
        },
        "res_egmq2_xeb": {
            "hardware": [
                0.2089175293465218,
                0.7401461521091206,
                0.1234823894785203,
                0.7417079460394945,
                0.36804657952739844,
                0.20605223826179594,
                0.22441833772232564,
                0.4044509311912139
            ],
            "use_fake_data": null
        },
        "res_egmq2_csb": {
            "source": "noisysimulation",
            "qubit_pairs_results": [
                {
                    "process_infidelity": 0.0003394913315009074,
                    "stochastic_infidelity": 0.00016976007499203138,
                    "theta_error": 0.09547932720227292,
                    "phi_error": 0.0
                },
                {
                    "process_infidelity": 5.886837362112374e-05,
                    "stochastic_infidelity": 2.943462000903896e-05,
                    "theta_error": 0.0959032221226197,
                    "phi_error": 0.0
                },
                {
                    "process_infidelity": 5.2956249526614485e-06,
                    "stochastic_infidelity": 2.6478159818044134e-06,
                    "theta_error": 0.09548494965650267,
                    "phi_error": 0.0
                },
                {
                    "process_infidelity": 5.005549476733151e-05,
                    "stochastic_infidelity": 2.5028060585574607e-05,
                    "theta_error": 0.09584108165578886,
                    "phi_error": 0.0
                },
                {
                    "process_infidelity": 2.220446049250313e-16,
                    "stochastic_infidelity": 1.1102230246251565e-16,
                    "theta_error": 0.0957804963922455,
                    "phi_error": 0.0
                },
                {
                    "process_infidelity": 0.0004418621860305949,
                    "stochastic_infidelity": 0.0002209555036826183,
                    "theta_error": 0.09545844754205346,
                    "phi_error": 0.0
                },
                {
                    "process_infidelity": 0.0003899729575099764,
                    "stochastic_infidelity": 0.00019500549232598363,
                    "theta_error": 0.09536663589888184,
                    "phi_error": 0.0
                },
                {
                    "process_infidelity": 0.0,
                    "stochastic_infidelity": 0.0,
                    "theta_error": 0.09553005666920455,
                    "phi_error": 0.0
                }
            ]
        },
        "res_egmqm_ghz": {
            "fidelity": [
                0.9987035419211548,
                0.9987285665857872,
                0.9999710608832459,
                0.9987642873885371,
                0.999972063957868,
                0.9999797520463243
            ],
            "qubit_index": [
                0,
                1,
                2,
                3,
                4,
                5,
                6,
                7,
                8
            ],
            "source": "noisysimulation"
        },
        "res_egmqm_stqv": {
            "nqubits_nqubits_2": {
                "total_qubits": 2,
                "quantum_volume": 4,
                "error": null,
                "fidelity": null
            },
            "nqubits_nqubits_3": {
                "total_qubits": 3,
                "quantum_volume": 8,
                "error": null,
                "fidelity": null
            },
            "nqubits_nqubits_4": {
                "total_qubits": 4,
                "quantum_volume": 0,
                "error": null,
                "fidelity": null
            },
            "nqubits_nqubits_5": {
                "total_qubits": 5,
                "quantum_volume": 32,