{
    "title": "Baihua_egm_data_20250325_194034.json",
    "chip_info": {
        "chip_name": "Baihua",
        "rows": 12,
        "columns": 13
    },
    "qubit_index_list": [
        0,
        1,
        2,
        3,
        4,
        5,
        6,
        7,
        8
    ],
    "qubit_connectivity": [
        [
            0,
            1
        ],
        [
            1,
            2
        ],
        [
            2,
            3
        ],
        [
            3,
            4
        ],
        [
            4,
            5
        ],
        [
            5,
            6
        ],
        [
            6,
            7
        ],
        [
            7,
            8
        ]
    ],
    "results": {
        "res_egmq1_rb": {
            "qubit_0": {
                "error_rate": 0.03781379439873528
            },
            "qubit_1": {
                "error_rate": 0.03380050585598199
            },
            "qubit_2": {
                "error_rate": 0.006444484194899347
            },
            "qubit_3": {
                "error_rate": -0.012928797334498587
            },
            "qubit_4": {
                "error_rate": 0.014054749789827847
            },
            "qubit_5": {
                "error_rate": 0.03373592666213204
            },
            "qubit_6": {
                "error_rate": -0.004869192642793951
            },
            "qubit_7": {
                "error_rate": 0.03919938811959367
            },
            "qubit_8": {
                "error_rate": 0.0184676881399371
            }
        },
        "res_egmq1_xeb": {
            "hardware": [
                0.1150234501961771,
                0.01274084426826294,
                0.10588818074336204,
                0.0,
                0.0,
                0.032614606279253666,
                0.09140267028791671,
                0.08739869654746574,
                0.03046062644206282
            ],
            "use_fake_data": null
        },
        "res_egmq1_csbp2x": {
            "process_infidelities": [
                0.005512011715554488,
                0.042335831229099896,
                0.00013897166836118746,
                0.0009882077546238266,
                0.005519840524852548,
                0.0008635437697356307,
                0.039644004349649764,
                0.005023525326664058,
                0.044435209717885615
            ],
            "stochastic_infidelities": [
                0.005503292608085464,
                0.04174706620387514,
                0.00013768447610007506,
                0.0009879629674447443,
                0.00551070145411614,
                0.0008627706217178011,
                0.03900620285918821,
                0.0050166029863630834,
                0.04365832558664806
            ],
            "angle_errors": [
                0.0017273679539375753,
                0.0002840775407255691,
                0.0022438730766902726,
                0.00044053939536992104,
                0,
                0,
                0.0018150089740252007,
                0,
                0.001694982144058832
            ],
            "process_infidelity_avg": 0.016051238450714114,
            "stochastic_infidelity_avg": 0.015825623307059857,
            "angle_error_avg": 0.0009117610094230412
        },
        "res_egmq2_rb": {
            "[0, 1]": {
                "error_rate": 0.01582118316300979
            },
            "[1, 2]": {
                "error_rate": 0.08298474544406209
            },
            "[2, 3]": {
                "error_rate": 0.062267398074951935
            },
            "[3, 4]": {
                "error_rate": 0.062032934526562195
            },
            "[4, 5]": {
                "error_rate": -0.014146671517576925
            },
            "[5, 6]": {
                "error_rate": -0.04731493778266577
            },
            "[6, 7]": {
                "error_rate": -0.018370869934995315
            },
            "[7, 8]": {
                "error_rate": 0.052687194936246184
            },
            "average_error_rate": 0.024495122113699273
        },
        "res_egmq2_xeb": {
            "hardware": [
                0.3428582262866997,
                0.41025710129190596,
                0.7453027189021749,
                0.0,
                0.18525323923895715,
                0.23480240666238267,
                0.49432230005653655,
                0.0
            ],
            "use_fake_data": null
        },
        "res_egmq2_csb": {
            "source": "noisysimulation",
            "qubit_pairs_results": [
                {
                    "process_infidelity": 0.0,
                    "stochastic_infidelity": 0.0,
                    "theta_error": 0.4313787101285538,
                    "phi_error": 0.0
                },
                {
                    "process_infidelity": 0.0005687748051829145,
                    "stochastic_infidelity": 0.00028442785219295885,
                    "theta_error": 0.43590036067298277,
                    "phi_error": 0.0
                },
                {
                    "process_infidelity": 0.7775144861929477,
                    "stochastic_infidelity": 0.5283162989809249,
                    "theta_error": 0.0,
                    "phi_error": 0.0
                },
                {
                    "process_infidelity": 0.8075932518226371,
                    "stochastic_infidelity": 0.5613580638181491,
                    "theta_error": 0.0,
                    "phi_error": 0.0
                },
                {
                    "process_infidelity": 0.0,
                    "stochastic_infidelity": 0.0,
                    "theta_error": 0.4365009978841292,
                    "phi_error": 0.0
                },
                {
                    "process_infidelity": 0.0004275309208643385,
                    "stochastic_infidelity": 0.00021378831315355118,
                    "theta_error": 0.4356016494481323,
                    "phi_error": 0.0
                },
                {
                    "process_infidelity": 0.7871657320110009,
                    "stochastic_infidelity": 0.5386603550647321,
                    "theta_error": 0.0,
                    "phi_error": 0.0
                },
                {
                    "process_infidelity": 0.0,
                    "stochastic_infidelity": 0.0,
                    "theta_error": 0.43173477732187093,
                    "phi_error": 0.0
                }
            ]
        },
        "res_egmqm_ghz": {
            "fidelity": [
                0.9985390954002095,
                0.999993189953121,
                0.9999897326616751,
                0.9986545522607178,
                0.9999598654937801,
                0.9999668394970268
            ],
            "qubit_index": [
                0,
                1,
                2,
                3,
                4,
                5,
                6,
                7,
                8
            ],
            "source": "noisysimulation"
        },
        "res_egmqm_stqv": {
            "nqubits_nqubits_2": {
                "total_qubits": 2,
                "quantum_volume": 4,
                "error": null,
                "fidelity": null
            },
            "nqubits_nqubits_3": {
                "total_qubits": 3,
                "quantum_volume": 8,
                "error": null,
                "fidelity": null
            }
        },