{
    "title": "Baihua_egm_data_20250226_155246.json",
    "chip_info": {
        "chip_name": "Baihua",
        "rows": 12,
        "columns": 13
    },
    "qubit_index_list": [
        0,
        1,
        2,
        3,
        4,
        5,
        6,
        7,
        8
    ],
    "qubit_connectivity": [
        [
            0,
            1
        ],
        [
            1,
            2
        ],
        [
            2,
            3
        ],
        [
            3,
            4
        ],
        [
            4,
            5
        ],
        [
            5,
            6
        ],
        [
            6,
            7
        ],
        [
            7,
            8
        ]
    ],
    "results": {
        "res_egmq1_rb": {
            "qubit_0": {
                "error_rate": 0.004687870804327865
            },
            "qubit_1": {
                "error_rate": 0.0038785505085442984
            },
            "qubit_2": {
                "error_rate": 0.0018903546741037558
            },
            "qubit_3": {
                "error_rate": 0.0024565907441120305
            },
            "qubit_4": {
                "error_rate": 0.003221692649295671
            },
            "qubit_5": {
                "error_rate": 0.004356843609450323
            },
            "qubit_6": {
                "error_rate": 0.0032381416071808333
            },
            "qubit_7": {
                "error_rate": 0.0019310436924496743
            },
            "qubit_8": {
                "error_rate": 0.003749055020333514
            }
        },
        "res_egmq1_xeb": {
            "hardware": [
                0.018172101487563652,
                0.022836811677445723,
                0.029732580417681898,
                0.04341747944390972,
                0.032461463563300486,
                0.031894158905441006,
                0.04221816112574489,
                0.03235248114056177,
                0.029285699492555828
            ],
            "use_fake_data": null
        },
        "res_egmq1_csbp2x": {
            "process_infidelities": [
                0.0439958350558054,
                0.0006693304135342304,
                0.04246036896798544,
                0.04055536068228749,
                0.0006640266581651177,
                0.04838487245814005,
                0.0053797565969737615,
                0.04578353730317275,
                0.03724667273291504
            ],
            "stochastic_infidelities": [
                0.04326427317037107,
                0.0006674599698649475,
                0.04177239922102016,
                0.03998696838802285,
                0.000663730682664676,
                0.047482656142022295,
                0.005369989139405451,
                0.045261488077197765,
                0.036745039950170644
            ],
            "angle_errors": [
                0,
                0,
                0,
                0,
                0,
                0.004810634550235671,
                0.002638609139449244,
                0.0009630539117806425,
                0.008185090591620314
            ],
            "process_infidelity_avg": 0.029459973429886585,
            "stochastic_infidelity_avg": 0.02902377830452665,
            "angle_error_avg": 0.0018441542436762079
        },
        "res_egmq2_rb": {
            "[0, 1]": {
                "error_rate": 0.008467193845121068
            },
            "[1, 2]": {
                "error_rate": 0.010506463412458089
            },
            "[2, 3]": {
                "error_rate": 0.007781810843287079
            },
            "[3, 4]": {
                "error_rate": 0.007115386402906154
            },
            "[4, 5]": {
                "error_rate": 0.00921979440241899
            },
            "[5, 6]": {
                "error_rate": 0.008544645719696015
            },
            "[6, 7]": {
                "error_rate": 0.0005344030137021949
            },
            "[7, 8]": {
                "error_rate": 0.0043300064767315405
            },
            "average_error_rate": 0.007062463014540141
        },
        "res_egmq2_xeb": {
            "hardware": [
                0.12453803768067975,
                0.2973303007907948,
                0.2434356299428417,
                0.25491232823508614,
                0.1847107455381993,
                0.23938442908809676,
                0.2723864705242514,
                0.45507469699605757
            ],
            "use_fake_data": null
        },
        "res_egmq2_csb": {
            "source": "noisysimulation",
            "qubit_pairs_results": [
                {
                    "process_infidelity": 2.3388794946010982e-05,
                    "stochastic_infidelity": 1.1694465853251401e-05,
                    "theta_error": 0.09613493501354409,
                    "phi_error": 0.0
                },
                {
                    "process_infidelity": 0.0,
                    "stochastic_infidelity": 0.0,
                    "theta_error": 0.09557864734778487,
                    "phi_error": 0.0
                },
                {
                    "process_infidelity": 1.1102230246251565e-16,
                    "stochastic_infidelity": 1.1102230246251565e-16,
                    "theta_error": 0.09597684013301588,
                    "phi_error": 0.0
                },
                {
                    "process_infidelity": 0.0003928584564840687,
                    "stochastic_infidelity": 0.00019644852425337866,
                    "theta_error": 0.09557725937950812,
                    "phi_error": 0.0
                },
                {
                    "process_infidelity": 1.6886785981662378e-05,
                    "stochastic_infidelity": 8.443428636595307e-06,
                    "theta_error": 0.09553411076673513,
                    "phi_error": 0.0
                },
                {
                    "process_infidelity": 0.0,
                    "stochastic_infidelity": 0.0,
                    "theta_error": 0.0959467563402665,
                    "phi_error": 0.0
                },
                {
                    "process_infidelity": 3.169786808465691e-05,
                    "stochastic_infidelity": 1.5849059638695095e-05,
                    "theta_error": 0.09561252358705774,
                    "phi_error": 0.0
                },
                {
                    "process_infidelity": 0.00040928158908437595,
                    "stochastic_infidelity": 0.00020466173775568475,
                    "theta_error": 0.09517587510013126,
                    "phi_error": 0.0
                }
            ]
        },
        "res_egmqm_ghz": {
            "fidelity": [
                0.9999802018276488,
                0.9999564573639745,
                0.9987112697044751,
                0.9999659686591801,
                0.9999744611921616,
                0.9999656947681566
            ],
            "qubit_index": [
                0,
                1,
                2,
                3,
                4,
                5,
                6,
                7,
                8
            ],
            "source": "noisysimulation"
        },
        "res_egmqm_stqv": {
            "nqubits_nqubits_2": {
                "total_qubits": 2,
                "quantum_volume": 4,
                "error": null,
                "fidelity": null
            },
            "nqubits_nqubits_3": {
                "total_qubits": 3,
                "quantum_volume": 0,
                "error": null,
                "fidelity": null
            },
            "nqubits_nqubits_4": {
                "total_qubits": 4,
                "quantum_volume": 0,
                "error": null,
                "fidelity": null
            },
            "nqubits_nqubits_5": {
                "total_qubits": 5,
                "quantum_volume": 32,
                "error": null,