{
    "title": "Baihua_egm_data_20250228_143200.json",
    "chip_info": {
        "chip_name": "Baihua",
        "rows": 12,
        "columns": 13
    },
    "qubit_index_list": [
        0,
        1,
        2,
        3,
        4,
        5,
        6,
        7,
        8
    ],
    "qubit_connectivity": [
        [
            0,
            1
        ],
        [
            1,
            2
        ],
        [
            2,
            3
        ],
        [
            3,
            4
        ],
        [
            4,
            5
        ],
        [
            5,
            6
        ],
        [
            6,
            7
        ],
        [
            7,
            8
        ]
    ],
    "results": {
        "res_egmq1_rb": {
            "qubit_0": {
                "error_rate": -0.00023808994809570994
            },
            "qubit_1": {
                "error_rate": 0.0013506640964435768
            },
            "qubit_2": {
                "error_rate": 0.002456957826946937
            },
            "qubit_3": {
                "error_rate": 0.004208898556077867
            },
            "qubit_4": {
                "error_rate": 0.0038980426158246595
            },
            "qubit_5": {
                "error_rate": 0.002999050716596674
            },
            "qubit_6": {
                "error_rate": 0.0029162459469215807
            },
            "qubit_7": {
                "error_rate": 0.00418274563029053
            },
            "qubit_8": {
                "error_rate": 0.0021582797450380165
            }
        },
        "res_egmq1_xeb": {
            "hardware": [
                0.03401932176325728,
                0.027417164710164366,
                0.04670146238782413,
                0.02964837394460562,
                0.03781587218256893,
                0.03654976174346092,
                0.026538673019066872,
                0.030631270596117754,
                0.030962268686263728
            ],
            "use_fake_data": null
        },
        "res_egmq1_csbp2x": {
            "process_infidelities": [
                0.04267126840894353,
                0.044579261913315404,
                0.0017594222566241768,
                0.0010537769456226975,
                0.039632759010259866,
                0.0009484909687245136,
                0.006770825666599145,
                0.00021527789182806956,
                0.041368609231864806
            ],
            "stochastic_infidelities": [
                0.041962042776603425,
                0.043857998954210275,
                0.0017586707646953803,
                0.00105184897868138,
                0.03904163997100529,
                0.000947932482775582,
                0.006755086876619076,
                0.00021518732932246376,
                0.04072028907129044
            ],
            "angle_errors": [
                0,
                0.007131441639903313,
                0.00039182386892333554,
                0.002445610655506636,
                0,
                0.0012760873552088992,
                0.0015219587723291905,
                0,
                0
            ],
            "process_infidelity_avg": 0.019888854699309136,
            "stochastic_infidelity_avg": 0.019590077467244813,
            "angle_error_avg": 0.0014185469213190416
        },
        "res_egmq2_rb": {
            "[0, 1]": {
                "error_rate": 0.007132998532095702
            },
            "[1, 2]": {
                "error_rate": 0.0064693850717115475
            },
            "[2, 3]": {
                "error_rate": 0.0075621095993357035
            },
            "[3, 4]": {
                "error_rate": 0.005789905333735884
            },
            "[4, 5]": {
                "error_rate": 0.00312347746579561
            },
            "[5, 6]": {
                "error_rate": 0.007837411765241803
            },
            "[6, 7]": {
                "error_rate": 0.009614181348782891
            },
            "[7, 8]": {
                "error_rate": 0.008856896178725343
            },
            "average_error_rate": 0.0070482956619280605
        },
        "res_egmq2_xeb": {
            "hardware": [
                0.2666424588057201,
                0.28004945551458316,
                0.7438161375004435,
                0.2174501266286774,
                0.4186279044144916,
                0.24206768893662003,
                0.29690627348736587,
                0.3544679587322449
            ],
            "use_fake_data": null
        },
        "res_egmq2_csb": {
            "source": "noisysimulation",
            "qubit_pairs_results": [
                {
                    "process_infidelity": 0.0004615612576805983,
                    "stochastic_infidelity": 0.00023080726483704073,
                    "theta_error": 0.0957633450368589,
                    "phi_error": 0.0
                },
                {
                    "process_infidelity": 1.9192931371980748e-05,
                    "stochastic_infidelity": 9.59651173249032e-06,
                    "theta_error": 0.09595674264272125,
                    "phi_error": 0.0
                },
                {
                    "process_infidelity": 2.4373395540622234e-05,
                    "stochastic_infidelity": 1.2186772028965898e-05,
                    "theta_error": 0.0956369028532813,
                    "phi_error": 0.0
                },
                {
                    "process_infidelity": 1.3361844868775563e-05,
                    "stochastic_infidelity": 6.680944751868978e-06,
                    "theta_error": 0.09573725966786606,
                    "phi_error": 0.0
                },
                {
                    "process_infidelity": 0.0003612760882650834,
                    "stochastic_infidelity": 0.00018065436213177133,
                    "theta_error": 0.09560458105443859,
                    "phi_error": 0.0
                },
                {
                    "process_infidelity": 2.624162675179953e-05,
                    "stochastic_infidelity": 1.3120899454932555e-05,
                    "theta_error": 0.0957303340747293,
                    "phi_error": 0.0
                },
                {
                    "process_infidelity": 0.00040219848999933916,
                    "stochastic_infidelity": 0.00020111946952017234,
                    "theta_error": 0.09537863428820836,
                    "phi_error": 0.0
                },
                {
                    "process_infidelity": 8.216748971112686e-06,
                    "stochastic_infidelity": 4.108382924972176e-06,
                    "theta_error": 0.09546076930778069,
                    "phi_error": 0.0
                }
            ]
        },
        "res_egmqm_ghz": {
            "fidelity": [
                0.9999727422437993,
                0.9999760254195704,
                0.9999791617919717,
                0.9999744528378279,
                0.9986350531903941,
                0.9999815387920395
            ],
            "qubit_index": [
                0,
                1,
                2,
                3,
                4,
                5,
                6,
                7,
                8
            ],
            "source": "noisysimulation"
        },
        "res_egmqm_stqv": {
            "nqubits_nqubits_2": {
                "total_qubits": 2,
                "quantum_volume": 0,
                "error": null,
                "fidelity": null
            },
            "nqubits_nqubits_3": {
                "total_qubits": 3,
                "quantum_volume": 8,
                "error": null,
                "fidelity": null
            },
            "nqubits_nqubits_4": {
                "total_qubits": 4,
                "quantum_volume": 16,
                "error": null,
                "fidelity": null
            },