{
    "title": "Baihua_egm_data_20250325_193229.json",
    "chip_info": {
        "chip_name": "Baihua",
        "rows": 12,
        "columns": 13
    },
    "qubit_index_list": [
        0,
        1,
        2,
        3,
        4,
        5,
        6,
        7,
        8
    ],
    "qubit_connectivity": [
        [
            0,
            1
        ],
        [
            1,
            2
        ],
        [
            2,
            3
        ],
        [
            3,
            4
        ],
        [
            4,
            5
        ],
        [
            5,
            6
        ],
        [
            6,
            7
        ],
        [
            7,
            8
        ]
    ],
    "results": {
        "res_egmq1_rb": {
            "qubit_0": {
                "error_rate": 0.007069596784784027
            },
            "qubit_1": {
                "error_rate": 0.009488619611826454
            },
            "qubit_2": {
                "error_rate": 0.028148987414799098
            },
            "qubit_3": {
                "error_rate": -0.0050296868153357766
            },
            "qubit_4": {
                "error_rate": 0.008652105958158018
            },
            "qubit_5": {
                "error_rate": 0.012872958806411261
            },
            "qubit_6": {
                "error_rate": 0.02098236756890748
            },
            "qubit_7": {
                "error_rate": 0.022100547879602195
            },
            "qubit_8": {
                "error_rate": 0.022835135100320536
            }
        },
        "res_egmq1_xeb": {
            "hardware": [
                0.07351273181145102,
                0.0011173830282790176,
                0.13346378680882842,
                0.017440529219902245,
                0.010737155562530909,
                0.026330352350811714,
                0.23003149424201658,
                0.0272509537570933,
                0.021766754246290487
            ],
            "use_fake_data": null
        },
        "res_egmq1_csbp2x": {
            "process_infidelities": [
                0.040566356918956825,
                0.0014937857603777305,
                0.006186558859551994,
                0.05234513941216612,
                0.006071078114925577,
                0.0010276050873886389,
                0.04143537692608523,
                0.0009836276921424414,
                0.0008445296537227254
            ],
            "stochastic_infidelities": [
                0.03988672953795813,
                0.0014931471764006998,
                0.006175022750099957,
                0.05183230827648344,
                0.006053881961504026,
                0.0010270448924991626,
                0.040745266778021594,
                0.000982903460602813,
                0.0008440889246673633
            ],
            "angle_errors": [
                0.0009098571789531995,
                0.00015272119872111745,
                0,
                0.0004841146814411612,
                0.004934243902491753,
                0,
                0.0016937860383172687,
                0.001360373722866015,
                0.0010667053488642164
            ],
            "process_infidelity_avg": 0.016772673158368587,
            "stochastic_infidelity_avg": 0.016560043750915243,
            "angle_error_avg": 0.0011779780079616369
        },
        "res_egmq2_rb": {
            "[0, 1]": {
                "error_rate": -0.045909426480308935
            },
            "[1, 2]": {
                "error_rate": 0.06522354306969957
            },
            "[2, 3]": {
                "error_rate": 0.07951723328329913
            },
            "[3, 4]": {
                "error_rate": 0.03221961692727937
            },
            "[4, 5]": {
                "error_rate": -0.004669767620702814
            },
            "[5, 6]": {
                "error_rate": 0.0068502786686092665
            },
            "[6, 7]": {
                "error_rate": 0.03507008586263727
            },
            "[7, 8]": {
                "error_rate": 0.05179645358066534
            },
            "average_error_rate": 0.027512252161397275
        },
        "res_egmq2_xeb": {
            "hardware": [
                0.0710582305087393,
                0.20669846483321352,
                0.0,
                0.05866074779270894,
                0.22363765825262144,
                0.3276578664798266,
                0.1401534010080255,
                0.0
            ],
            "use_fake_data": null
        },
        "res_egmq2_csb": {
            "source": "noisysimulation",
            "qubit_pairs_results": [
                {
                    "process_infidelity": 0.0,
                    "stochastic_infidelity": 0.0,
                    "theta_error": 0.4306060025319409,
                    "phi_error": 0.0
                },
                {
                    "process_infidelity": 2.0704296841644876e-05,
                    "stochastic_infidelity": 1.0352202004848543e-05,
                    "theta_error": 0.4328178068486137,
                    "phi_error": 0.0
                },
                {
                    "process_infidelity": 7.409310310180217e-06,
                    "stochastic_infidelity": 3.7046620173786238e-06,
                    "theta_error": 0.4354622973190998,
                    "phi_error": 0.0
                },
                {
                    "process_infidelity": 0.0012379881851912744,
                    "stochastic_infidelity": 0.0006191857881157059,
                    "theta_error": 0.4360832281705087,
                    "phi_error": 0.0
                },
                {
                    "process_infidelity": 0.0009232652170868549,
                    "stochastic_infidelity": 0.0004617392100925155,
                    "theta_error": 0.4353418968807272,
                    "phi_error": 0.0
                },
                {
                    "process_infidelity": 1.1102230246251565e-16,
                    "stochastic_infidelity": 1.1102230246251565e-16,
                    "theta_error": 0.432220802703402,
                    "phi_error": 0.0
                },
                {
                    "process_infidelity": 0.0003157587520127292,
                    "stochastic_infidelity": 0.0001578918409230745,
                    "theta_error": 0.43729977325952785,
                    "phi_error": 0.0
                },
                {
                    "process_infidelity": 3.1602952504261594e-05,
                    "stochastic_infidelity": 1.580160109737605e-05,
                    "theta_error": 0.43330630945736015,
                    "phi_error": 0.0
                }
            ]
        },
        "res_egmqm_vqe": {
            "Final Energy": -0.7029303913960722,
            "Problem Description": "Hamiltonian with 4 terms on 2 qubits using EfficientSU2 ansatz."
        }
    }
}