{
    "title": "Baihua_egm_data_20250226_113246.json",
    "chip_info": {
        "chip_name": "Baihua",
        "rows": 12,
        "columns": 13
    },
    "qubit_index_list": [
        0,
        1,
        2,
        3,
        4,
        5,
        6,
        7,
        8
    ],
    "qubit_connectivity": [
        [
            0,
            1
        ],
        [
            1,
            2
        ],
        [
            2,
            3
        ],
        [
            3,
            4
        ],
        [
            4,
            5
        ],
        [
            5,
            6
        ],
        [
            6,
            7
        ],
        [
            7,
            8
        ]
    ],
    "results": {
        "res_egmq1_rb": {
            "qubit_0": {
                "error_rate": 0.0038396303422919
            },
            "qubit_1": {
                "error_rate": 0.005088323365619318
            },
            "qubit_2": {
                "error_rate": 0.0038957912024510377
            },
            "qubit_3": {
                "error_rate": 0.0040556604733111845
            },
            "qubit_4": {
                "error_rate": 0.0033454316871776024
            },
            "qubit_5": {
                "error_rate": 0.0008463077095665628
            },
            "qubit_6": {
                "error_rate": 0.002447159305054014
            },
            "qubit_7": {
                "error_rate": 0.0020728582213666025
            },
            "qubit_8": {
                "error_rate": 0.0027808075584048186
            }
        },
        "res_egmq1_xeb": {
            "hardware": [
                0.030592168835751832,
                0.02553158445269227,
                0.031748732153996206,
                0.02811011285389342,
                0.035564017324598574,
                0.02578798682862765,
                0.024136543014373235,
                0.03309713614115395,
                0.03756919590004215
            ],
            "use_fake_data": null
        },
        "res_egmq1_csbp2x": {
            "process_infidelities": [
                0.0010604506050404527,
                0.044771680450316875,
                0.0010533313610630035,
                0.004596405009091642,
                0.005564582979284194,
                0.005851521870724463,
                0.005958035077404555,
                0.04415522271754224,
                7.565410083198998e-05
            ],
            "stochastic_infidelities": [
                0.001056268964513274,
                0.04393286995938894,
                0.0010509507203497748,
                0.004590851216657366,
                0.0055560448023401765,
                0.005839719191710002,
                0.005947096746262148,
                0.04342719837035558,
                7.530727598614728e-05
            ],
            "angle_errors": [
                0,
                0.009082707590355676,
                0.0027795114319026926,
                0,
                0.0009622221281857524,
                0,
                0.0012955648057395575,
                0,
                0.0011730996288590312
            ],
            "process_infidelity_avg": 0.012565209352366602,
            "stochastic_infidelity_avg": 0.012386256360840378,
            "angle_error_avg": 0.0016992339538936345
        },
        "res_egmq2_rb": {
            "[0, 1]": {
                "error_rate": 0.00753660743380688
            },
            "[1, 2]": {
                "error_rate": 0.006571904865508488
            },
            "[2, 3]": {
                "error_rate": 0.0060120861012424864
            },
            "[3, 4]": {
                "error_rate": 0.00860366455385117
            },
            "[4, 5]": {
                "error_rate": 0.005289881722381401
            },
            "[5, 6]": {
                "error_rate": 0.0073057638830880955
            },
            "[6, 7]": {
                "error_rate": 0.0001035095837456923
            },
            "[7, 8]": {
                "error_rate": 0.005863998354018629
            },
            "average_error_rate": 0.005910927062205355
        },
        "res_egmq2_xeb": {
            "hardware": [
                0.255849764982731,
                0.2680327756609082,
                0.21995998017047796,
                0.3009595036577145,
                null,
                0.3682050239270083,
                0.19608440542166664,
                0.19536627392023012
            ],
            "use_fake_data": null
        },
        "res_egmq2_csb": {
            "source": "noisysimulation",
            "qubit_pairs_results": [
                {
                    "process_infidelity": 2.3679864966985598e-05,
                    "stochastic_infidelity": 1.1840002576368747e-05,
                    "theta_error": 0.09592319780554037,
                    "phi_error": 0.0
                },
                {
                    "process_infidelity": 0.0004791706615374647,
                    "stochastic_infidelity": 0.0002396140382123768,
                    "theta_error": 0.09549274506560002,
                    "phi_error": 0.0
                },
                {
                    "process_infidelity": 1.1102230246251565e-16,
                    "stochastic_infidelity": 1.1102230246251565e-16,
                    "theta_error": 0.09565700022189061,
                    "phi_error": 0.0
                },
                {
                    "process_infidelity": 0.0,
                    "stochastic_infidelity": 0.0,
                    "theta_error": 0.09554483217121179,
                    "phi_error": 0.0
                },
                {
                    "process_infidelity": 0.0003286480853964546,
                    "stochastic_infidelity": 0.0001643375461127805,
                    "theta_error": 0.09539347611308102,
                    "phi_error": 0.0
                },
                {
                    "process_infidelity": 0.0005549053754092537,
                    "stochastic_infidelity": 0.00027749118838449327,
                    "theta_error": 0.09536177392205802,
                    "phi_error": 0.0
                },
                {
                    "process_infidelity": 0.0,
                    "stochastic_infidelity": 0.0,
                    "theta_error": 0.0956969020021039,
                    "phi_error": 0.0
                },
                {
                    "process_infidelity": 1.1102230246251565e-16,
                    "stochastic_infidelity": 1.1102230246251565e-16,
                    "theta_error": 0.09576835520027194,
                    "phi_error": 0.0
                }
            ]
        },
        "res_egmqm_ghz": {
            "fidelity": [
                0.9988011958320181,
                0.9999755290388822,
                0.9987644360501048,
                0.999955000350386,
                0.998816580475469,
                0.998612426556872
            ],
            "qubit_index": [
                0,
                1,
                2,
                3,
                4,
                5,
                6,
                7,
                8
            ],
            "source": "noisysimulation"
        },
        "res_egmqm_stqv": {
            "nqubits_nqubits_2": {
                "total_qubits": 2,
                "quantum_volume": 4,
                "error": null,
                "fidelity": null
            },
            "nqubits_nqubits_3": {
                "total_qubits": 3,
                "quantum_volume": 8,
                "error": null,
                "fidelity": null
            },
            "nqubits_nqubits_4": {
                "total_qubits": 4,
                "quantum_volume": 16,
                "error": null,
                "fidelity": null
            },
            "nqubits_nqubits_5": {
                "total_qubits": 5,
                "quantum_volume": 0,