{
    "title": "Baihua_egm_data_20250226_150820.json",
    "chip_info": {
        "chip_name": "Baihua",
        "rows": 12,
        "columns": 13
    },
    "qubit_index_list": [
        0,
        1,
        2,
        3,
        4,
        5,
        6,
        7,
        8
    ],
    "qubit_connectivity": [
        [
            0,
            1
        ],
        [
            1,
            2
        ],
        [
            2,
            3
        ],
        [
            3,
            4
        ],
        [
            4,
            5
        ],
        [
            5,
            6
        ],
        [
            6,
            7
        ],
        [
            7,
            8
        ]
    ],
    "results": {
        "res_egmq1_rb": {
            "qubit_0": {
                "error_rate": 0.005058270128499964
            },
            "qubit_1": {
                "error_rate": 0.001139949152984543
            },
            "qubit_2": {
                "error_rate": 0.003718391860869863
            },
            "qubit_3": {
                "error_rate": 0.0027512813508622225
            },
            "qubit_4": {
                "error_rate": 0.0012129895811825442
            },
            "qubit_5": {
                "error_rate": 0.0037689558210798335
            },
            "qubit_6": {
                "error_rate": 0.002436010040094083
            },
            "qubit_7": {
                "error_rate": 0.004028139460670599
            },
            "qubit_8": {
                "error_rate": 0.0023476006529576376
            }
        },
        "res_egmq1_xeb": {
            "hardware": [
                0.04679591099036423,
                0.019620013962844574,
                0.040017452069910364,
                0.01617823494419124,
                0.01703917354478801,
                0.029560897279896747,
                0.024791217634771934,
                0.033105092936290215,
                0.023194868575605487
            ],
            "use_fake_data": null
        },
        "res_egmq1_csbp2x": {
            "process_infidelities": [
                0.041767642211130385,
                0.0005447554339740313,
                0.006867448800414344,
                0.00012525835175458688,
                0.041641234591902165,
                4.788220397955456e-07,
                0.03859014861678556,
                0.04263065075341255,
                0.0067628044592276115
            ],
            "stochastic_infidelities": [
                0.04111045947246683,
                0.0005444797703841875,
                0.0068515195474357915,
                0.00012211917117166404,
                0.04097275454957883,
                0,
                0.03805969515713625,
                0.04192285084307168,
                0.00674743917566889
            ],
            "angle_errors": [
                0.007575454435871487,
                0.0007399627858026836,
                0,
                0,
                0,
                0,
                0.0006086583893065711,
                0.005126289855264643,
                0
            ],
            "process_infidelity_avg": 0.01988115800451567,
            "stochastic_infidelity_avg": 0.019592368631879346,
            "angle_error_avg": 0.0015611517184717094
        },
        "res_egmq2_rb": {
            "[0, 1]": {
                "error_rate": 0.007892703763988096
            },
            "[1, 2]": {
                "error_rate": 0.007098952852343715
            },
            "[2, 3]": {
                "error_rate": 0.004703747022823251
            },
            "[3, 4]": {
                "error_rate": 0.004937186665694454
            },
            "[4, 5]": {
                "error_rate": 0.00630229585913894
            },
            "[5, 6]": {
                "error_rate": 0.006390543627676687
            },
            "[6, 7]": {
                "error_rate": 0.007066176798231266
            },
            "[7, 8]": {
                "error_rate": 0.011128217138270974
            },
            "average_error_rate": 0.006939977966020923
        },
        "res_egmq2_xeb": {
            "hardware": [
                0.3551391708603635,
                0.48002636667071463,
                0.20190739550884707,
                0.5157128821067469,
                0.22651862083209753,
                0.20462871734742766,
                0.7258772818973166,
                0.21233447591086574
            ],
            "use_fake_data": null
        },
        "res_egmq2_csb": {
            "source": "noisysimulation",
            "qubit_pairs_results": [
                {
                    "process_infidelity": 2.4034849139931147e-05,
                    "stochastic_infidelity": 1.201749678003683e-05,
                    "theta_error": 0.09572339009135833,
                    "phi_error": 0.0
                },
                {
                    "process_infidelity": 1.7733826948695963e-05,
                    "stochastic_infidelity": 8.866952785790971e-06,
                    "theta_error": 0.09574134220077424,
                    "phi_error": 0.0
                },
                {
                    "process_infidelity": 7.5879044938442775e-06,
                    "stochastic_infidelity": 3.793959443942896e-06,
                    "theta_error": 0.09550320679280011,
                    "phi_error": 0.0
                },
                {
                    "process_infidelity": 0.00041562132607630975,
                    "stochastic_infidelity": 0.0002078322601622995,
                    "theta_error": 0.09524125160970076,
                    "phi_error": 0.0
                },
                {
                    "process_infidelity": 5.281555913172475e-06,
                    "stochastic_infidelity": 2.64078144340818e-06,
                    "theta_error": 0.09576476010896462,
                    "phi_error": 0.0
                },
                {
                    "process_infidelity": 0.0004966327486726207,
                    "stochastic_infidelity": 0.00024834721250532876,
                    "theta_error": 0.09528289367983289,
                    "phi_error": 0.0
                },
                {
                    "process_infidelity": 2.4000968760762298e-05,
                    "stochastic_infidelity": 1.2000556387059547e-05,
                    "theta_error": 0.0956152265132224,
                    "phi_error": 0.0
                },
                {
                    "process_infidelity": 0.0,
                    "stochastic_infidelity": 0.0,
                    "theta_error": 0.09564427879320547,
                    "phi_error": 0.0
                }
            ]
        },
        "res_egmqm_ghz": {
            "fidelity": [
                0.9999575935293064,
                0.9999798062728158,
                0.9999564985285425,
                0.9999768884333289,
                0.9999717834756442,
                0.9999650862592286
            ],
            "qubit_index": [
                0,
                1,
                2,
                3,
                4,
                5,
                6,
                7,
                8
            ],
            "source": "noisysimulation"
        },
        "res_egmqm_stqv": {
            "nqubits_nqubits_2": {
                "total_qubits": 2,
                "quantum_volume": 4,
                "error": null,
                "fidelity": null
            },
            "nqubits_nqubits_3": {
                "total_qubits": 3,
                "quantum_volume": 0,
                "error": null,
                "fidelity": null
            },
            "nqubits_nqubits_4": {
                "total_qubits": 4,
                "quantum_volume": 0,
                "error": null,
                "fidelity": null
            },
            "nqubits_nqubits_5": {
                "total_qubits": 5,
                "quantum_volume": 0,