{
    "title": "Baihua_egm_data_20250228_163003.json",
    "chip_info": {
        "chip_name": "Baihua",
        "rows": 12,
        "columns": 13
    },
    "qubit_index_list": [
        0,
        1,
        2,
        3,
        4,
        5,
        6,
        7,
        8
    ],
    "qubit_connectivity": [
        [
            0,
            1
        ],
        [
            1,
            2
        ],
        [
            2,
            3
        ],
        [
            3,
            4
        ],
        [
            4,
            5
        ],
        [
            5,
            6
        ],
        [
            6,
            7
        ],
        [
            7,
            8
        ]
    ],
    "results": {
        "res_egmq1_rb": {
            "qubit_0": {
                "error_rate": 0.0022242803137046407
            },
            "qubit_1": {
                "error_rate": 0.003683563999997419
            },
            "qubit_2": {
                "error_rate": -0.0004284914620327207
            },
            "qubit_3": {
                "error_rate": 0.0016508204930305581
            },
            "qubit_4": {
                "error_rate": 0.0026351516638684624
            },
            "qubit_5": {
                "error_rate": 0.0030419697729990314
            },
            "qubit_6": {
                "error_rate": 0.0017645467076272126
            },
            "qubit_7": {
                "error_rate": 0.004110204407859197
            },
            "qubit_8": {
                "error_rate": 0.0015772406041087428
            }
        },
        "res_egmq1_xeb": {
            "hardware": [
                0.032769783627663696,
                0.04135893691520254,
                0.029810150374268707,
                0.03086504853623362,
                0.02364036721092827,
                0.034962757222291085,
                0.024997582122855966,
                0.025969963809009178,
                0.012816084834568031
            ],
            "use_fake_data": null
        },
        "res_egmq1_csbp2x": {
            "process_infidelities": [
                0.0015152618703371257,
                0.007401331062824035,
                1.0,
                0.006102369768498428,
                0.0014514477183886765,
                1.0,
                0.00511137949059437,
                0.0010907714451857675,
                0.006000902402004904
            ],
            "stochastic_infidelities": [
                0.0015095236014358582,
                0.007381134994206895,
                0.29302271339014174,
                0.006090928129013573,
                0.0014508342696367693,
                0.29306109493038657,
                0.005103227419200218,
                0.0010890139756677408,
                0.005989469565959582
            ],
            "angle_errors": [
                0,
                0,
                0,
                0,
                0.00066222818640993,
                0,
                0,
                0,
                0.001238756233074234
            ],
            "process_infidelity_avg": 0.22540816263975927,
            "stochastic_infidelity_avg": 0.06829977114173877,
            "angle_error_avg": 0.00021122049105379601
        },
        "res_egmq2_rb": {
            "[0, 1]": {
                "error_rate": 0.010384836806182046
            },
            "[1, 2]": {
                "error_rate": 0.005448365284071943
            },
            "[2, 3]": {
                "error_rate": 0.007825979910726866
            },
            "[3, 4]": {
                "error_rate": 0.004269288101901608
            },
            "[4, 5]": {
                "error_rate": 0.0032972683148322357
            },
            "[5, 6]": {
                "error_rate": 0.006716029685783664
            },
            "[6, 7]": {
                "error_rate": 0.003103376613796227
            },
            "[7, 8]": {
                "error_rate": 0.0028086263474587925
            },
            "average_error_rate": 0.005481721383094173
        },
        "res_egmq2_xeb": {
            "hardware": [
                0.26256946175608054,
                0.36251873105619964,
                null,
                0.7341603301587813,
                0.2792627518906782,
                null,
                0.7406141346586691,
                0.28256038877442724
            ],
            "use_fake_data": null
        },
        "res_egmq2_csb": {
            "source": "noisysimulation",
            "qubit_pairs_results": [
                {
                    "process_infidelity": 3.2053171236334776e-05,
                    "stochastic_infidelity": 1.602671404599132e-05,
                    "theta_error": 0.09596658849129458,
                    "phi_error": 0.0
                },
                {
                    "process_infidelity": 4.090951762736328e-05,
                    "stochastic_infidelity": 2.0454968016503372e-05,
                    "theta_error": 0.09552791367213453,
                    "phi_error": 0.0
                },
                {
                    "process_infidelity": 9.414642946414808e-05,
                    "stochastic_infidelity": 4.707432272799128e-05,
                    "theta_error": 0.09571683722666569,
                    "phi_error": 0.0
                },
                {
                    "process_infidelity": 2.0818331326388773e-05,
                    "stochastic_infidelity": 1.0409219839080386e-05,
                    "theta_error": 0.09597730033194818,
                    "phi_error": 0.0
                },
                {
                    "process_infidelity": 1.0613317756535956e-05,
                    "stochastic_infidelity": 5.306672958615977e-06,
                    "theta_error": 0.09564119776672086,
                    "phi_error": 0.0
                },
                {
                    "process_infidelity": 2.3121656117730538e-05,
                    "stochastic_infidelity": 1.1560894885964679e-05,
                    "theta_error": 0.0960131460521847,
                    "phi_error": 0.0
                },
                {
                    "process_infidelity": 6.84607193579545e-06,
                    "stochastic_infidelity": 3.423041826544626e-06,
                    "theta_error": 0.09573526859021353,
                    "phi_error": 0.0
                },
                {
                    "process_infidelity": 4.9955745213159375e-05,
                    "stochastic_infidelity": 2.497818456148604e-05,
                    "theta_error": 0.09577501375404829,
                    "phi_error": 0.0
                }
            ]
        },
        "res_egmqm_ghz": {
            "fidelity": [
                0.9999727250768624,
                0.9986254591118071,
                0.9999523587033728,
                0.9999802120926744,
                0.9987313268446987,
                0.9999735110940403
            ],
            "qubit_index": [
                0,
                1,
                2,
                3,
                4,
                5,
                6,
                7,
                8
            ],
            "source": "noisysimulation"
        },
        "res_egmqm_stqv": {
            "nqubits_nqubits_2": {
                "total_qubits": 2,
                "quantum_volume": 0,
                "error": null,
                "fidelity": null
            },
            "nqubits_nqubits_3": {
                "total_qubits": 3,
                "quantum_volume": 0,
                "error": null,
                "fidelity": null
            },
            "nqubits_nqubits_4": {
                "total_qubits": 4,
                "quantum_volume": 0,
                "error": null,
                "fidelity": null
            },
            "nqubits_nqubits_5": {
                "total_qubits": 5,
                "quantum_volume": 0,
                "error": null,