{
    "title": "Baihua_egm_data_20250325_115831.json",
    "chip_info": {
        "chip_name": "Baihua",
        "rows": 12,
        "columns": 13
    },
    "qubit_index_list": [
        0,
        1,
        2,
        3,
        4,
        5,
        6,
        7,
        8
    ],
    "qubit_connectivity": [
        [
            0,
            1
        ],
        [
            1,
            2
        ],
        [
            2,
            3
        ],
        [
            3,
            4
        ],
        [
            4,
            5
        ],
        [
            5,
            6
        ],
        [
            6,
            7
        ],
        [
            7,
            8
        ]
    ],
    "results": {
        "res_egmq1_rb": {
            "qubit_0": {
                "error_rate": -0.0004355145762551249
            },
            "qubit_1": {
                "error_rate": 0.019162357635935934
            },
            "qubit_2": {
                "error_rate": 0.00444364688963883
            },
            "qubit_3": {
                "error_rate": 0.04688769380905672
            },
            "qubit_4": {
                "error_rate": 0.027423063280957727
            },
            "qubit_5": {
                "error_rate": -0.008916500733192056
            },
            "qubit_6": {
                "error_rate": 0.011481768169415096
            },
            "qubit_7": {
                "error_rate": -0.005854210521104575
            },
            "qubit_8": {
                "error_rate": 0.004058186288648236
            }
        },
        "res_egmq1_xeb": {
            "hardware": [
                0.16258711149943483,
                0.10128992953763638,
                0.011454774283317593,
                0.09659249813876308,
                0.07219701526355754,
                0.0019247498364501348,
                0.0,
                0.0,
                0.09731826833684931
            ],
            "use_fake_data": null
        }
    }
}