{
    "title": "Baihua_egm_data_20250325_192027.json",
    "chip_info": {
        "chip_name": "Baihua",
        "rows": 12,
        "columns": 13
    },
    "qubit_index_list": [
        0,
        1,
        2,
        3,
        4,
        5,
        6,
        7,
        8
    ],
    "qubit_connectivity": [
        [
            0,
            1
        ],
        [
            1,
            2
        ],
        [
            2,
            3
        ],
        [
            3,
            4
        ],
        [
            4,
            5
        ],
        [
            5,
            6
        ],
        [
            6,
            7
        ],
        [
            7,
            8
        ]
    ],
    "results": {
        "res_egmq1_rb": {
            "qubit_0": {
                "error_rate": -0.007950856780703064
            },
            "qubit_1": {
                "error_rate": 0.0010782425195380863
            },
            "qubit_2": {
                "error_rate": 0.003073956028095959
            },
            "qubit_3": {
                "error_rate": 0.0032115683518294524
            },
            "qubit_4": {
                "error_rate": 0.001570587795517553
            },
            "qubit_5": {
                "error_rate": 0.019052123394257436
            },
            "qubit_6": {
                "error_rate": 0.0030885502119644137
            },
            "qubit_7": {
                "error_rate": -0.0030896911932026816
            },
            "qubit_8": {
                "error_rate": 0.0049752128533402384
            }
        },
        "res_egmq1_xeb": {
            "hardware": [
                0.047551408373019466,
                0.0,
                0.0,
                0.0973699677298317,
                0.0,
                0.09925826227457502,
                0.0,
                0.0,
                0.024509318446847395
            ],
            "use_fake_data": null
        },
        "res_egmq1_csbp2x": {
            "process_infidelities": [
                0.039629873178958164,
                0.005876027646835258,
                0.04008153773052914,
                0.04056840405485418,
                0.04271889068253498,
                0.00576598551520624,
                0.0630362492168497,
                0.039242961259497,
                0.005982017142988738
            ],
            "stochastic_infidelities": [
                0.03898584828527596,
                0.005864734340739974,
                0.039429132162440816,
                0.03989298722570156,
                0.04208533494164646,
                0.00575580082259719,
                0.06244403885985128,
                0.03864826159316559,
                0.005971577265341477
            ],
            "angle_errors": [
                0.004660884430922829,
                0,
                0,
                0.0019693667635907186,
                0.0013543265484301514,
                0,
                0,
                0,
                0
            ],
            "process_infidelity_avg": 0.031433549603139266,
            "stochastic_infidelity_avg": 0.03100863505519559,
            "angle_error_avg": 0.0008871753047715222
        }
    }
}