{
    "title": "Baihua_egm_data_20250325_191754.json",
    "chip_info": {
        "chip_name": "Baihua",
        "rows": 12,
        "columns": 13
    },
    "qubit_index_list": [
        0,
        1,
        2,
        3,
        4,
        5,
        6,
        7,
        8
    ],
    "qubit_connectivity": [
        [
            0,
            1
        ],
        [
            1,
            2
        ],
        [
            2,
            3
        ],
        [
            3,
            4
        ],
        [
            4,
            5
        ],
        [
            5,
            6
        ],
        [
            6,
            7
        ],
        [
            7,
            8
        ]
    ],
    "results": {
        "res_egmq1_rb": {
            "qubit_0": {
                "error_rate": 0.03931510991195647
            },
            "qubit_1": {
                "error_rate": 0.025657970102073824
            },
            "qubit_2": {
                "error_rate": 0.00889074142921531
            },
            "qubit_3": {
                "error_rate": -0.0026932150318206283
            },
            "qubit_4": {
                "error_rate": 0.036560324919355014
            },
            "qubit_5": {
                "error_rate": -0.0036865074526094554
            },
            "qubit_6": {
                "error_rate": -0.0011357850257068813
            },
            "qubit_7": {
                "error_rate": -0.005428629785578343
            },
            "qubit_8": {
                "error_rate": 0.006633075731073523
            }
        },
        "res_egmq1_xeb": {
            "hardware": [
                0.0,
                0.1973888755303978,
                0.05911935455980072,
                0.0,
                0.0,
                0.12420398776925029,
                0.10881538238431393,
                0.0,
                0.04372177039080816
            ],
            "use_fake_data": null
        },
        "res_egmq1_csbp2x": {
            "process_infidelities": [
                0.0007170894642547498,
                0.005466738835776974,
                0.005676423526103425,
                0.04271980407154419,
                0.0414039331849293,
                0.001463665371160161,
                0.005451865329641592,
                0.042538656638802186,
                0.0004868828975455042
            ],
            "stochastic_infidelities": [
                0.0007163348795934388,
                0.005457939578150439,
                0.005666741236690309,
                0.0420799261137178,
                0.04071151676256979,
                0.0014599868258919901,
                0.005442438910138847,
                0.04197967551168247,
                0.0004841439891366539
            ],
            "angle_errors": [
                0.00162899570621855,
                0,
                0.0016365785539051991,
                0,
                0.0035897137815521507,
                0,
                0,
                0.001072107420229118,
                0.0032853698266175346
            ],
            "process_infidelity_avg": 0.01621389547997312,
            "stochastic_infidelity_avg": 0.015999855978619082,
            "angle_error_avg": 0.0012458628098358392
        }
    }
}