{
    "title": "Baihua_egm_data_20250226_145709.json",
    "chip_info": {
        "chip_name": "Baihua",
        "rows": 12,
        "columns": 13
    },
    "qubit_index_list": [
        0,
        1,
        2,
        3,
        4,
        5,
        6,
        7,
        8
    ],
    "qubit_connectivity": [
        [
            0,
            1
        ],
        [
            1,
            2
        ],
        [
            2,
            3
        ],
        [
            3,
            4
        ],
        [
            4,
            5
        ],
        [
            5,
            6
        ],
        [
            6,
            7
        ],
        [
            7,
            8
        ]
    ],
    "results": {
        "res_egmq1_rb": {
            "qubit_0": {
                "error_rate": 0.004017898412676857
            },
            "qubit_1": {
                "error_rate": 0.0026665170245760428
            },
            "qubit_2": {
                "error_rate": 0.0027513450054958977
            },
            "qubit_3": {
                "error_rate": 0.0010934182518688162
            },
            "qubit_4": {
                "error_rate": 0.0042225985815443345
            },
            "qubit_5": {
                "error_rate": 0.005267653217923163
            },
            "qubit_6": {
                "error_rate": 0.004015802455156814
            },
            "qubit_7": {
                "error_rate": 0.0012495356588871909
            },
            "qubit_8": {
                "error_rate": 0.001094163160380246
            }
        },
        "res_egmq1_xeb": {
            "hardware": [
                0.02678857964530118,
                0.02560822266409135,
                0.02472625722195204,
                0.030528470387875484,
                0.0330729856068081,
                0.019817138496044162,
                0.03279049494021119,
                0.03195031292549105,
                0.020015035592778396
            ],
            "use_fake_data": null
        },
        "res_egmq1_csbp2x": {
            "process_infidelities": [
                0.0006307050583553853,
                0.001088029376662969,
                0.006323856639720793,
                0.04208375418404353,
                0.005314344531758275,
                0.043846986583778724,
                0.0011231319927008654,
                0.0409716527836258,
                0.006505211842235514
            ],
            "stochastic_infidelities": [
                0.000630486035631872,
                0.0010873262461712496,
                0.006311112822516396,
                0.04143269647919212,
                0.00530087676539015,
                0.04310788654497577,
                0.0011207473385350664,
                0.04042393189032267,
                0.006492178510950741
            ],
            "angle_errors": [
                0,
                0,
                0,
                0,
                0,
                0.00297239150502282,
                0,
                0.004242698495851016,
                0
            ],
            "process_infidelity_avg": 0.01643196366587576,
            "stochastic_infidelity_avg": 0.016211915848187337,
            "angle_error_avg": 0.0008016766667637595
        },
        "res_egmq2_rb": {
            "[0, 1]": {
                "error_rate": 0.006132164516053501
            },
            "[1, 2]": {
                "error_rate": 0.008402796334613938
            },
            "[2, 3]": {
                "error_rate": 0.011894988620167662
            },
            "[3, 4]": {
                "error_rate": 0.0030730756216385824
            },
            "[4, 5]": {
                "error_rate": 0.0048338637331252765
            },
            "[5, 6]": {
                "error_rate": 0.008710922472231458
            },
            "[6, 7]": {
                "error_rate": 0.009652776560306359
            },
            "[7, 8]": {
                "error_rate": 0.008494069367028678
            },
            "average_error_rate": 0.007649332153145682
        },
        "res_egmq2_xeb": {
            "hardware": [
                0.7383751799461544,
                0.271124011601652,
                0.7466103567425864,
                0.7342504341069208,
                0.5923347020018315,
                null,
                0.1796728709867416,
                0.5531353430482595
            ],
            "use_fake_data": null
        },
        "res_egmq2_csb": {
            "source": "noisysimulation",
            "qubit_pairs_results": [
                {
                    "process_infidelity": 0.0003648396143087762,
                    "stochastic_infidelity": 0.00018243644868332076,
                    "theta_error": 0.0953123131895901,
                    "phi_error": 0.0
                },
                {
                    "process_infidelity": 0.0003934673488801277,
                    "stochastic_infidelity": 0.00019675303031752023,
                    "theta_error": 0.09573266778956624,
                    "phi_error": 0.0
                },
                {
                    "process_infidelity": 0.00044303869854966926,
                    "stochastic_infidelity": 0.00022154389012241094,
                    "theta_error": 0.09535565562241821,
                    "phi_error": 0.0
                },
                {
                    "process_infidelity": 1.1102230246251565e-16,
                    "stochastic_infidelity": 1.1102230246251565e-16,
                    "theta_error": 0.09567950356122568,
                    "phi_error": 0.0
                },
                {
                    "process_infidelity": 0.0,
                    "stochastic_infidelity": 0.0,
                    "theta_error": 0.09575823326162292,
                    "phi_error": 0.0
                },
                {
                    "process_infidelity": 4.286761358263114e-05,
                    "stochastic_infidelity": 2.143403650023412e-05,
                    "theta_error": 0.09598929792813182,
                    "phi_error": 0.0
                },
                {
                    "process_infidelity": 0.00048062982953711586,
                    "stochastic_infidelity": 0.00024034379733905986,
                    "theta_error": 0.09561003014905856,
                    "phi_error": 0.0
                },
                {
                    "process_infidelity": 0.0,
                    "stochastic_infidelity": 0.0,
                    "theta_error": 0.09576277925891663,
                    "phi_error": 0.0
                }
            ]
        },
        "res_egmqm_ghz": {
            "fidelity": [
                0.9986834213481114,
                0.999978021163906,
                0.9999746897507042,
                0.9987171536845365,
                0.9999666034332932,
                0.9999750492198115
            ],
            "qubit_index": [
                0,
                1,
                2,
                3,
                4,
                5,
                6,
                7,
                8
            ],
            "source": "noisysimulation"
        },
        "res_egmqm_stqv": {
            "nqubits_nqubits_2": {
                "total_qubits": 2,
                "quantum_volume": 4,
                "error": null,
                "fidelity": null
            },
            "nqubits_nqubits_3": {
                "total_qubits": 3,
                "quantum_volume": 8,
                "error": null,
                "fidelity": null
            },
            "nqubits_nqubits_4": {
                "total_qubits": 4,
                "quantum_volume": 16,
                "error": null,
                "fidelity": null
            },
            "nqubits_nqubits_5": {
                "total_qubits": 5,
                "quantum_volume": 0,
                "error": null,
                "fidelity": null
            }
        },