{
    "title": "Baihua_egm_data_20250228_161731.json",
    "chip_info": {
        "chip_name": "Baihua",
        "rows": 12,
        "columns": 13
    },
    "qubit_index_list": [
        0,
        1,
        2,
        3,
        4,
        5,
        6,
        7,
        8
    ],
    "qubit_connectivity": [
        [
            0,
            1
        ],
        [
            1,
            2
        ],
        [
            2,
            3
        ],
        [
            3,
            4
        ],
        [
            4,
            5
        ],
        [
            5,
            6
        ],
        [
            6,
            7
        ],
        [
            7,
            8
        ]
    ],
    "results": {
        "res_egmq1_rb": {
            "qubit_0": {
                "error_rate": 0.000445372483351969
            },
            "qubit_1": {
                "error_rate": 0.0023520878991205585
            },
            "qubit_2": {
                "error_rate": 0.005532576163435332
            },
            "qubit_3": {
                "error_rate": 0.0038560689351085364
            },
            "qubit_4": {
                "error_rate": 0.004126023985418226
            },
            "qubit_5": {
                "error_rate": 0.0032616615919728864
            },
            "qubit_6": {
                "error_rate": 0.003015413770251385
            },
            "qubit_7": {
                "error_rate": 0.0037384502242889806
            },
            "qubit_8": {
                "error_rate": 0.0019812910369573222
            }
        },
        "res_egmq1_xeb": {
            "hardware": [
                0.03524889151061711,
                0.023588447064922524,
                0.027436960744933403,
                0.027119345011901164,
                0.02342235552152322,
                0.025235627621718215,
                0.016042201122967004,
                0.033607144083904916,
                0.026317360090686637
            ],
            "use_fake_data": null
        },
        "res_egmq1_csbp2x": {
            "process_infidelities": [
                1.1104106523163182e-08,
                0.044022695102569176,
                0.006760117657163001,
                0.005385577159493615,
                0.005955534980483956,
                0.005689503137526808,
                0.04254319992410527,
                0.0039058880346640734,
                0.006420913112823445
            ],
            "stochastic_infidelities": [
                0,
                0.043254824330866914,
                0.0067438133223206576,
                0.005376933733364231,
                0.00594443146054946,
                0.0056768169231083965,
                0.04188798150317574,
                0.00389994248032155,
                0.006405637092537497
            ],
            "angle_errors": [
                0.0002107520497198756,
                0,
                0,
                0.002323394446582361,
                0,
                0.0029142853907904165,
                0.005476749825691796,
                0.0032814383552515203,
                0
            ],
            "process_infidelity_avg": 0.013409271134770652,
            "stochastic_infidelity_avg": 0.013243375649582716,
            "angle_error_avg": 0.0015785133408928855
        },
        "res_egmq2_rb": {
            "[0, 1]": {
                "error_rate": 0.006227623459284626
            },
            "[1, 2]": {
                "error_rate": 0.007581313836496212
            },
            "[2, 3]": {
                "error_rate": 0.005813852982654605
            },
            "[3, 4]": {
                "error_rate": 0.011025318535283352
            },
            "[4, 5]": {
                "error_rate": 0.008050678224897106
            },
            "[5, 6]": {
                "error_rate": 0.007651948542421072
            },
            "[6, 7]": {
                "error_rate": 0.007350013238892172
            },
            "[7, 8]": {
                "error_rate": 0.00987908182088787
            },
            "average_error_rate": 0.007947478830102127
        },
        "res_egmq2_xeb": {
            "hardware": [
                0.41743781170968114,
                0.25526874032154234,
                0.4049912345981402,
                0.22068607404448592,
                0.24362055895630602,
                null,
                0.7258351621594952,
                0.7416508519289712
            ],
            "use_fake_data": null
        },
        "res_egmq2_csb": {
            "source": "noisysimulation",
            "qubit_pairs_results": [
                {
                    "process_infidelity": 0.0004232439651926656,
                    "stochastic_infidelity": 0.0002116443792680167,
                    "theta_error": 0.09538213640139404,
                    "phi_error": 0.0
                },
                {
                    "process_infidelity": 0.0,
                    "stochastic_infidelity": 0.0,
                    "theta_error": 0.09582392693592778,
                    "phi_error": 0.0
                },
                {
                    "process_infidelity": 0.0,
                    "stochastic_infidelity": 0.0,
                    "theta_error": 0.09563839398470719,
                    "phi_error": 0.0
                },
                {
                    "process_infidelity": 0.00036412790686390917,
                    "stochastic_infidelity": 0.00018208053009172165,
                    "theta_error": 0.09548022813449242,
                    "phi_error": 0.0
                },
                {
                    "process_infidelity": 0.0,
                    "stochastic_infidelity": 0.0,
                    "theta_error": 0.09593186536729581,
                    "phi_error": 0.0
                },
                {
                    "process_infidelity": 5.355024674069675e-05,
                    "stochastic_infidelity": 2.677548183360745e-05,
                    "theta_error": 0.09582075613603447,
                    "phi_error": 0.0
                },
                {
                    "process_infidelity": 6.0568282357786885e-05,
                    "stochastic_infidelity": 3.0284599757401942e-05,
                    "theta_error": 0.09545889616537151,
                    "phi_error": 0.0
                },
                {
                    "process_infidelity": 0.0003970453517879724,
                    "stochastic_infidelity": 0.00019854238543337566,
                    "theta_error": 0.09542788332258967,
                    "phi_error": 0.0
                }
            ]
        },
        "res_egmqm_ghz": {
            "fidelity": [
                0.9987671967046388,
                0.9999710744332425,
                0.9999641933323644,
                0.9999599241279389,
                0.9987090696113098,
                0.9999673992287855
            ],
            "qubit_index": [
                0,
                1,
                2,
                3,
                4,
                5,
                6,
                7,
                8
            ],
            "source": "noisysimulation"
        },
        "res_egmqm_stqv": {
            "nqubits_nqubits_2": {
                "total_qubits": 2,
                "quantum_volume": 0,
                "error": null,
                "fidelity": null
            },
            "nqubits_nqubits_3": {
                "total_qubits": 3,
                "quantum_volume": 0,
                "error": null,
                "fidelity": null
            },
            "nqubits_nqubits_4": {
                "total_qubits": 4,
                "quantum_volume": 0,
                "error": null,
                "fidelity": null
            },
            "nqubits_nqubits_5": {
                "total_qubits": 5,
                "quantum_volume": 32,
                "error": null,