{
    "title": "Baihua_egm_data_20250406_223055.json",
    "chip_info": {
        "chip_name": "Baihua",
        "rows": 12,
        "columns": 13
    },
    "qubit_index_list": [
        0,
        1,
        2,
        3,
        4,
        5,
        6,
        7,
        8,
        9,
        10,
        11,
        12,
        13,
        14,
        15
    ],
    "qubit_connectivity": [
        [
            0,
            1
        ],
        [
            1,
            2
        ],
        [
            2,
            3
        ],
        [
            3,
            4
        ],
        [
            4,
            5
        ],
        [
            5,
            6
        ],
        [
            6,
            7
        ],
        [
            7,
            8
        ],
        [
            8,
            9
        ],
        [
            9,
            10
        ],
        [
            10,
            11
        ],
        [
            11,
            12
        ],
        [
            13,
            14
        ],
        [
            14,
            15
        ],
        [
            0,
            13
        ],
        [
            1,
            14
        ],
        [
            2,
            15
        ]
    ],
    "results": {
        "res_egmq1_xeb": {
            "hardware": [
                0.019480438364846864,
                0.020602444054515168,
                0.032533360650034704,
                0.041619910978200836,
                0.01474364136045725,
                0.04755737324386994,
                0.03866390415048099,
                0.022964709754075663,
                0.036905665238253005,
                0.012751880186842868,
                0.017985749456860156,
                0.027224574928058687,
                0.051645365359115014,
                0.036846203147596956,
                0.03504196699666312,
                0.009970153614150101
            ],
            "use_fake_data": null
        },
        "res_egmq1_csbp2x": {
            "process_infidelities": [
                0.00018490914692104177,
                0.03769138186702825,
                0.03997866093166946,
                0.005729134208729114,
                0.005525292357269618,
                0.0008984366026983936,
                0.007376505924606036,
                0.045951376478673644,
                0.012073392808453987,
                0.0007219412317125418,
                0.0007068826964531372,
                0.05627778423465524,
                0.041125431900048914,
                0.04319668105391572,
                0.046127986489247874,
                0.006432822086429368
            ],
            "stochastic_infidelities": [
                0.00018412430797087875,
                0.03712729513024926,
                0.0394048688351305,
                0.005719799227519307,
                0.005515559034542927,
                0.0008961297399224799,
                0.007357913588494247,
                0.0454114096278152,
                0.012029892028211475,
                0.0007189548703696591,
                0.0007062709901135555,
                0.05582444279217813,
                0.040504269199950205,
                0.04245997739606766,
                0.045545001145142594,
                0.0064145223611074
            ],
            "angle_errors": [
                0.0017134164735230772,
                0.011619867770010783,
                0.0011561974906082462,
                0,
                0,
                0.0028945030321991805,
                0.0013492228680542784,
                0.0036768725740392583,
                0.0018310591746086846,
                0,
                0.0014153576373412413,
                0,
                0.0041607921167239326,
                0.0012552285363827131,
                0,
                0
            ],
            "process_infidelity_avg": 0.02187491375115702,
            "stochastic_infidelity_avg": 0.021613776892174093,
            "angle_error_avg": 0.0019420323545932122
        },
        "res_egmq2_xeb": {
            "hardware": [
                0.07234376785101432,
                0.23312650525965697,
                0.09502279507917685,
                0.09964176701911723,
                0.22826071303557774,
                0.18743939360896913,
                0.10291680729261565,
                0.25733292024282817,
                0.11152750687382032,
                0.15797223949586514,
                0.06296639414553118,
                0.03208869197305597,
                0.08159354490751647,
                0.08987072503925961,
                0.14812893911610855,
                0.0879540764556864,
                0.13861517865875628
            ],
            "use_fake_data": null
        },
        "res_egmq2_csb": {
            "source": "noisysimulation",
            "qubit_pairs_results": [
                {
                    "process_infidelity": 0.002666390982291378,
                    "stochastic_infidelity": 0.001334085383050354,
                    "theta_error": 3.141592653589793,
                    "phi_error": 0.0
                },
                {
                    "process_infidelity": 0.00021939289018246821,
                    "stochastic_infidelity": 0.00010970246240638026,
                    "theta_error": 0.11903474587072749,
                    "phi_error": 0.0
                },
                {
                    "process_infidelity": 0.0006926101771603799,
                    "stochastic_infidelity": 0.00034636507296204044,
                    "theta_error": 0.12011334026609166,
                    "phi_error": 0.0
                },
                {
                    "process_infidelity": 0.00015503389077353713,
                    "stochastic_infidelity": 7.751995005811363e-05,
                    "theta_error": 0.1190210153450697,
                    "phi_error": 0.0
                },
                {
                    "process_infidelity": 0.002900446898411513,
                    "stochastic_infidelity": 0.0014512765510195091,
                    "theta_error": 3.141592653589793,
                    "phi_error": 0.0
                },
                {
                    "process_infidelity": 0.09782017822760403,
                    "stochastic_infidelity": 0.05016852980521014,
                    "theta_error": 0.0,
                    "phi_error": 0.0
                },
                {
                    "process_infidelity": 0.003100559497561939,
                    "stochastic_infidelity": 0.0015514832989944605,
                    "theta_error": 3.141592653589793,
                    "phi_error": 0.0
                },
                {
                    "process_infidelity": 0.0028360479559002005,
                    "stochastic_infidelity": 0.0014190308021588827,
                    "theta_error": 3.141592653589793,
                    "phi_error": 0.0
                },
                {
                    "process_infidelity": 0.11678529905627955,
                    "stochastic_infidelity": 0.0602049686534194,
                    "theta_error": 0.0,
                    "phi_error": 0.0
                },
                {
                    "process_infidelity": 0.003175904473559088,
                    "stochastic_infidelity": 0.0015892150389996695,
                    "theta_error": 3.141592653589793,
                    "phi_error": 0.0
                },
                {
                    "process_infidelity": 0.00015496416927385237,
                    "stochastic_infidelity": 7.748508660621045e-05,
                    "theta_error": 0.11933637560179555,
                    "phi_error": 0.0
                },
                {
                    "process_infidelity": 0.00019892824545519883,
                    "stochastic_infidelity": 9.946906977553738e-05,
                    "theta_error": 0.1190166096463372,