{
    "title": "Baihua_egm_data_20250325_121135.json",
    "chip_info": {
        "chip_name": "Baihua",
        "rows": 12,
        "columns": 13
    },
    "qubit_index_list": [
        0,
        1,
        2,
        3,
        4,
        5,
        6,
        7,
        8
    ],
    "qubit_connectivity": [
        [
            0,
            1
        ],
        [
            1,
            2
        ],
        [
            2,
            3
        ],
        [
            3,
            4
        ],
        [
            4,
            5
        ],
        [
            5,
            6
        ],
        [
            6,
            7
        ],
        [
            7,
            8
        ]
    ],
    "results": {
        "res_egmq1_rb": {
            "qubit_0": {
                "error_rate": -0.0038877292672472308
            },
            "qubit_1": {
                "error_rate": 0.012006715129358803
            },
            "qubit_2": {
                "error_rate": 0.024214235828789787
            },
            "qubit_3": {
                "error_rate": 0.005079652103747112
            },
            "qubit_4": {
                "error_rate": -0.003581906681502045
            },
            "qubit_5": {
                "error_rate": 0.011884731813068594
            },
            "qubit_6": {
                "error_rate": 0.005918252975719074
            },
            "qubit_7": {
                "error_rate": 0.007852376354980595
            },
            "qubit_8": {
                "error_rate": 0.005565818105339848
            }
        },
        "res_egmq1_xeb": {
            "hardware": [
                0.0076086021633574585,
                0.1005091162717745,
                0.22032914329702458,
                0.22174288182639085,
                0.11803571901633386,
                0.04683350526125318,
                0.018113120533756466,
                0.11281446488665459,
                0.04501600059565397
            ],
            "use_fake_data": null
        }
    }
}