{
    "title": "Baihua_egm_data_20250325_192222.json",
    "chip_info": {
        "chip_name": "Baihua",
        "rows": 12,
        "columns": 13
    },
    "qubit_index_list": [
        0,
        1,
        2,
        3,
        4,
        5,
        6,
        7,
        8
    ],
    "qubit_connectivity": [
        [
            0,
            1
        ],
        [
            1,
            2
        ],
        [
            2,
            3
        ],
        [
            3,
            4
        ],
        [
            4,
            5
        ],
        [
            5,
            6
        ],
        [
            6,
            7
        ],
        [
            7,
            8
        ]
    ],
    "results": {
        "res_egmq1_rb": {
            "qubit_0": {
                "error_rate": 0.03401773675201003
            },
            "qubit_1": {
                "error_rate": 0.014366447580656083
            },
            "qubit_2": {
                "error_rate": -0.00854334720895622
            },
            "qubit_3": {
                "error_rate": 0.015543550343897816
            },
            "qubit_4": {
                "error_rate": -0.002976816126754045
            },
            "qubit_5": {
                "error_rate": 0.009964069126886355
            },
            "qubit_6": {
                "error_rate": 0.00971536804410078
            },
            "qubit_7": {
                "error_rate": 0.005604653558553552
            },
            "qubit_8": {
                "error_rate": 0.013299527256349974
            }
        },
        "res_egmq1_xeb": {
            "hardware": [
                0.0,
                0.011377787729684896,
                0.13775588611075607,
                0.053697883227652454,
                0.09317874155119976,
                0.0,
                0.05049310882526842,
                0.07798762093590789,
                0.014746526996022802
            ],
            "use_fake_data": null
        },
        "res_egmq1_csbp2x": {
            "process_infidelities": [
                0.006133823718871723,
                0.04168273148275792,
                0.0008685989726771037,
                0.042181014762766256,
                0.00552266051179251,
                0.03921319098468656,
                0.0006509053506025264,
                0.042696597668544056,
                0.005658481343696509
            ],
            "stochastic_infidelities": [
                0.006122374851361023,
                0.04092632510098693,
                0.0008684372253300321,
                0.04150114343871181,
                0.005514197840213231,
                0.03858303481046932,
                0.0006508089232415415,
                0.04200269544200408,
                0.005649277495306526
            ],
            "angle_errors": [
                0,
                0.002245328283319026,
                0.00016455727104491835,
                0,
                0,
                0,
                0,
                0,
                0.0011306017814516345
            ],
            "process_infidelity_avg": 0.020512000532932798,
            "stochastic_infidelity_avg": 0.020202032791958275,
            "angle_error_avg": 0.0003933874817572865
        },
        "res_egmq2_rb": {
            "[0, 1]": {
                "error_rate": 0.03961756380018305
            },
            "[1, 2]": {
                "error_rate": 0.07355875477526114
            },
            "[2, 3]": {
                "error_rate": 0.0381667133289984
            },
            "[3, 4]": {
                "error_rate": 0.04242660396710313
            },
            "[4, 5]": {
                "error_rate": 0.06414682206979094
            },
            "[5, 6]": {
                "error_rate": 0.07758056967945867
            },
            "[6, 7]": {
                "error_rate": 0.02486955965406759
            },
            "[7, 8]": {
                "error_rate": 0.018668052675618996
            },
            "average_error_rate": 0.04737932999381024
        },
        "res_egmq2_xeb": {
            "hardware": [
                0.5647048636570136,
                0.0,
                0.541357049336173,
                0.0,
                0.35374165673257424,
                0.36703272360111655,
                0.278342348184488,
                0.2056313873692123
            ],
            "use_fake_data": null
        },
        "res_egmq2_csb": {
            "source": "noisysimulation",
            "qubit_pairs_results": [
                {
                    "process_infidelity": 2.220446049250313e-16,
                    "stochastic_infidelity": 1.1102230246251565e-16,
                    "theta_error": 0.432218027838692,
                    "phi_error": 0.0
                },
                {
                    "process_infidelity": 0.9534765827318257,
                    "stochastic_infidelity": 0.7843071228153922,
                    "theta_error": 0.0,
                    "phi_error": 0.0
                },
                {
                    "process_infidelity": 0.0010778746464339406,
                    "stochastic_infidelity": 0.0005390826282569705,
                    "theta_error": 0.43631011254704877,
                    "phi_error": 0.0
                },
                {
                    "process_infidelity": 0.7924972013143443,
                    "stochastic_infidelity": 0.5444752490965439,
                    "theta_error": 0.0,
                    "phi_error": 0.0
                },
                {
                    "process_infidelity": 0.791124545958605,
                    "stochastic_infidelity": 0.5429710577639585,
                    "theta_error": 0.0,
                    "phi_error": 0.0
                },
                {
                    "process_infidelity": 0.0011324042525673317,
                    "stochastic_infidelity": 0.0005663625095297942,
                    "theta_error": 0.43688085481735905,
                    "phi_error": 0.0
                },
                {
                    "process_infidelity": 0.0008976605308649299,
                    "stochastic_infidelity": 0.00044893103496956854,
                    "theta_error": 0.4350944145190958,
                    "phi_error": 0.0
                },
                {
                    "process_infidelity": 0.0031379722477695715,
                    "stochastic_infidelity": 0.001570218917609445,
                    "theta_error": 0.43254230516844316,
                    "phi_error": 0.0
                }
            ]
        },
        "res_egmqm_vqe": {
            "Final Energy": -0.70293039103561,
            "Problem Description": "Hamiltonian with 4 terms on 2 qubits using EfficientSU2 ansatz."
        }
    }
}