{
    "title": "Baihua_egm_data_20250228_120035.json",
    "chip_info": {
        "chip_name": "Baihua",
        "rows": 12,
        "columns": 13
    },
    "qubit_index_list": [
        0,
        1,
        2,
        3,
        4,
        5,
        6,
        7,
        8
    ],
    "qubit_connectivity": [
        [
            0,
            1
        ],
        [
            1,
            2
        ],
        [
            2,
            3
        ],
        [
            3,
            4
        ],
        [
            4,
            5
        ],
        [
            5,
            6
        ],
        [
            6,
            7
        ],
        [
            7,
            8
        ]
    ],
    "results": {
        "res_egmq1_rb": {
            "qubit_0": {
                "error_rate": 0.0018558984362986863
            },
            "qubit_1": {
                "error_rate": 0.0031999202327491205
            },
            "qubit_2": {
                "error_rate": 0.0052600729009183445
            },
            "qubit_3": {
                "error_rate": 0.0037897807545174134
            },
            "qubit_4": {
                "error_rate": 0.00437749889113298
            },
            "qubit_5": {
                "error_rate": 0.004103802978040971
            },
            "qubit_6": {
                "error_rate": 0.0021194410102424177
            },
            "qubit_7": {
                "error_rate": 0.004222895066586074
            },
            "qubit_8": {
                "error_rate": 0.0019604410825519447
            }
        },
        "res_egmq1_xeb": {
            "hardware": [
                0.014846165920804288,
                0.022712004840744926,
                0.035079032217176453,
                0.04922008617001089,
                0.028040021466261278,
                0.01437231850716525,
                0.02880693462796885,
                0.019738817530915498,
                0.03397001144919276
            ],
            "use_fake_data": null
        },
        "res_egmq1_csbp2x": {
            "process_infidelities": [
                1.0,
                0.0008265272905525478,
                0.005812692772549921,
                0.03869507219487578,
                0.00678399416916986,
                0.004886203906291131,
                0.038536054017831556,
                0.0007936818739764373,
                0.04102107497371321
            ],
            "stochastic_infidelities": [
                0.2932744115756093,
                0.0008236996463065749,
                0.005803549312561773,
                0.03811682722528831,
                0.006774539299790772,
                0.0048741639693447025,
                0.03796040856707572,
                0.0007819817333419854,
                0.040431794701480506
            ],
            "angle_errors": [
                0,
                0.0032767155007680238,
                0,
                0.0052331333585127204,
                0.00211710900166473,
                0.004552527053504063,
                0.007484981592373208,
                0.006812436852240866,
                0
            ],
            "process_infidelity_avg": 0.12637281124432892,
            "stochastic_infidelity_avg": 0.04764904178119996,
            "angle_error_avg": 0.003275211484340401
        },
        "res_egmq2_rb": {
            "[0, 1]": {
                "error_rate": 0.008487967333130259
            },
            "[1, 2]": {
                "error_rate": 0.009089735221659512
            },
            "[2, 3]": {
                "error_rate": 0.008620364289480847
            },
            "[3, 4]": {
                "error_rate": 0.0035148465098639448
            },
            "[4, 5]": {
                "error_rate": 0.009863819038530813
            },
            "[5, 6]": {
                "error_rate": 0.009836535828497944
            },
            "[6, 7]": {
                "error_rate": 0.008820713624853205
            },
            "[7, 8]": {
                "error_rate": 0.007884444173461236
            },
            "average_error_rate": 0.00826480325243472
        },
        "res_egmq2_xeb": {
            "hardware": [
                0.17006954561257462,
                0.1205209257295552,
                0.7410236041420055,
                0.18083663685649565,
                0.38311249649131784,
                0.7495872706558092,
                0.7240725217514001,
                0.24125668036347256
            ],
            "use_fake_data": null
        },
        "res_egmq2_csb": {
            "source": "noisysimulation",
            "qubit_pairs_results": [
                {
                    "process_infidelity": 3.8968833904307054e-05,
                    "stochastic_infidelity": 1.9484606777142588e-05,
                    "theta_error": 0.09555044714564698,
                    "phi_error": 0.0
                },
                {
                    "process_infidelity": 6.611660714694878e-06,
                    "stochastic_infidelity": 3.3058358216431216e-06,
                    "theta_error": 0.09561760916314821,
                    "phi_error": 0.0
                },
                {
                    "process_infidelity": 0.00043971042913337754,
                    "stochastic_infidelity": 0.0002198793880393568,
                    "theta_error": 0.09541315834641262,
                    "phi_error": 0.0
                },
                {
                    "process_infidelity": 3.965730906585474e-05,
                    "stochastic_infidelity": 1.9828851124614744e-05,
                    "theta_error": 0.09548573306404506,
                    "phi_error": 0.0
                },
                {
                    "process_infidelity": 4.774231040505228e-07,
                    "stochastic_infidelity": 2.38711580502482e-07,
                    "theta_error": 0.09561517606523262,
                    "phi_error": 0.0
                },
                {
                    "process_infidelity": 0.0004195945214314767,
                    "stochastic_infidelity": 0.00020981927277929913,
                    "theta_error": 0.09520039433225946,
                    "phi_error": 0.0
                },
                {
                    "process_infidelity": 0.0004662641538728529,
                    "stochastic_infidelity": 0.0002331592585563813,
                    "theta_error": 0.09544841802528214,
                    "phi_error": 0.0
                },
                {
                    "process_infidelity": 1.966865117231098e-05,
                    "stochastic_infidelity": 9.834373943640173e-06,
                    "theta_error": 0.09560111884788425,
                    "phi_error": 0.0
                }
            ]
        },
        "res_egmqm_ghz": {
            "fidelity": [
                0.9987342161504681,
                0.999974751934443,
                0.999977640395307,
                0.9999603608364702,
                0.9999718933750489,
                0.9986326493800514
            ],
            "qubit_index": [
                0,
                1,
                2,
                3,
                4,
                5,
                6,
                7,
                8
            ],
            "source": "noisysimulation"
        },
        "res_egmqm_stqv": {
            "nqubits_nqubits_2": {
                "total_qubits": 2,
                "quantum_volume": 0,
                "error": null,
                "fidelity": null
            },
            "nqubits_nqubits_3": {
                "total_qubits": 3,
                "quantum_volume": 0,
                "error": null,
                "fidelity": null
            },
            "nqubits_nqubits_4": {
                "total_qubits": 4,
                "quantum_volume": 0,
                "error": null,
                "fidelity": null
            },