{
    "title": "Baihua_egm_data_20250325_120707.json",
    "chip_info": {
        "chip_name": "Baihua",
        "rows": 12,
        "columns": 13
    },
    "qubit_index_list": [
        0,
        1,
        2,
        3,
        4,
        5,
        6,
        7,
        8
    ],
    "qubit_connectivity": [
        [
            0,
            1
        ],
        [
            1,
            2
        ],
        [
            2,
            3
        ],
        [
            3,
            4
        ],
        [
            4,
            5
        ],
        [
            5,
            6
        ],
        [
            6,
            7
        ],
        [
            7,
            8
        ]
    ],
    "results": {
        "res_egmq1_rb": {
            "qubit_0": {
                "error_rate": 0.001494174657735714
            },
            "qubit_1": {
                "error_rate": 0.008978798574377889
            },
            "qubit_2": {
                "error_rate": -0.0003786451614157249
            },
            "qubit_3": {
                "error_rate": 0.014440366593397258
            },
            "qubit_4": {
                "error_rate": 0.023367760478017696
            },
            "qubit_5": {
                "error_rate": 0.026534733858492532
            },
            "qubit_6": {
                "error_rate": 0.00039190400712196816
            },
            "qubit_7": {
                "error_rate": 0.020873022548700326
            },
            "qubit_8": {
                "error_rate": 0.00528277118202658
            }
        },
        "res_egmq1_xeb": {
            "hardware": [
                0.0,
                0.0,
                0.031156069126842878,
                0.15442393277298222,
                0.13436105504373086,
                0.14827625528680416,
                0.0,
                0.0,
                0.07034829035599416
            ],
            "use_fake_data": null
        }
    }
}