{
    "title": "Baihua_egm_data_20250325_113719.json",
    "chip_info": {
        "chip_name": "Baihua",
        "rows": 12,
        "columns": 13
    },
    "qubit_index_list": [
        0,
        1,
        2,
        3,
        4,
        5,
        6,
        7,
        8
    ],
    "qubit_connectivity": [
        [
            0,
            1
        ],
        [
            1,
            2
        ],
        [
            2,
            3
        ],
        [
            3,
            4
        ],
        [
            4,
            5
        ],
        [
            5,
            6
        ],
        [
            6,
            7
        ],
        [
            7,
            8
        ]
    ],
    "results": {
        "res_egmq1_rb": {
            "qubit_0": {
                "error_rate": -0.006593844595358833
            },
            "qubit_1": {
                "error_rate": 0.046454213924087495
            },
            "qubit_2": {
                "error_rate": 0.016214715745936525
            },
            "qubit_3": {
                "error_rate": 0.023885684372328964
            },
            "qubit_4": {
                "error_rate": 0.0050415273615240785
            },
            "qubit_5": {
                "error_rate": 0.020524828071550705
            },
            "qubit_6": {
                "error_rate": 0.022046456706853457
            },
            "qubit_7": {
                "error_rate": 0.025358222746856562
            },
            "qubit_8": {
                "error_rate": 0.005825203330477313
            }
        },
        "res_egmq1_xeb": {
            "hardware": [
                0.0,
                0.19770752874601655,
                0.0,
                0.22001397759896202,
                0.0,
                0.0,
                0.3122319614922272,
                0.10278374219376224,
                0.10378328569279455
            ],
            "use_fake_data": null
        }
    }
}