{
    "title": "Baihua_egm_data_20250226_114422.json",
    "chip_info": {
        "chip_name": "Baihua",
        "rows": 12,
        "columns": 13
    },
    "qubit_index_list": [
        0,
        1,
        2,
        3,
        4,
        5,
        6,
        7,
        8
    ],
    "qubit_connectivity": [
        [
            0,
            1
        ],
        [
            1,
            2
        ],
        [
            2,
            3
        ],
        [
            3,
            4
        ],
        [
            4,
            5
        ],
        [
            5,
            6
        ],
        [
            6,
            7
        ],
        [
            7,
            8
        ]
    ],
    "results": {
        "res_egmq1_rb": {
            "qubit_0": {
                "error_rate": 0.00467543264432746
            },
            "qubit_1": {
                "error_rate": 0.004867537195433036
            },
            "qubit_2": {
                "error_rate": 0.001760783862731985
            },
            "qubit_3": {
                "error_rate": 0.004514772753035523
            },
            "qubit_4": {
                "error_rate": 0.0021842751988845888
            },
            "qubit_5": {
                "error_rate": 0.0022484218157952096
            },
            "qubit_6": {
                "error_rate": 0.002391698780437823
            },
            "qubit_7": {
                "error_rate": 0.00389131216068056
            },
            "qubit_8": {
                "error_rate": 0.0038104774372667016
            }
        },
        "res_egmq1_xeb": {
            "hardware": [
                0.039542363267687064,
                0.037116112860118455,
                0.040749928101031674,
                0.03310626017791629,
                0.014999696037316379,
                0.029133416760427633,
                0.029825060401655112,
                0.027791562876754772,
                0.028113208124675992
            ],
            "use_fake_data": null
        },
        "res_egmq1_csbp2x": {
            "process_infidelities": [
                0.0030259734781430403,
                0.007681685352338596,
                0.04142844768168763,
                0.006160858456781826,
                0.04160507585192219,
                0.0007887705396019129,
                0.001005976274114584,
                0.0005698745926345783,
                0.0014038907108828713
            ],
            "stochastic_infidelities": [
                0.0030216290423966674,
                0.007659079725475526,
                0.04071600177495449,
                0.006147040218235977,
                0.04094576667347516,
                0.0007789610326686125,
                0.0010000476783528223,
                0.0005583658394352486,
                0.0013991699795971035
            ],
            "angle_errors": [
                0,
                0,
                0.007227021689075297,
                0,
                0.005964297947234742,
                0,
                0,
                0.0067720863333291526,
                0
            ],
            "process_infidelity_avg": 0.011518950326456358,
            "stochastic_infidelity_avg": 0.011358451329399067,
            "angle_error_avg": 0.002218156218848799
        },
        "res_egmq2_rb": {
            "[0, 1]": {
                "error_rate": 0.010092143129746073
            },
            "[1, 2]": {
                "error_rate": 0.007405798993046775
            },
            "[2, 3]": {
                "error_rate": 0.005693963110399408
            },
            "[3, 4]": {
                "error_rate": 0.008794322610364613
            },
            "[4, 5]": {
                "error_rate": 0.008941778206837642
            },
            "[5, 6]": {
                "error_rate": 0.006120187951809325
            },
            "[6, 7]": {
                "error_rate": 0.006628529774263731
            },
            "[7, 8]": {
                "error_rate": 0.0021963566976165583
            },
            "average_error_rate": 0.006984135059260516
        },
        "res_egmq2_xeb": {
            "hardware": [
                0.3488349835137306,
                0.23549211923154664,
                0.7415780013214237,
                0.1498351627906615,
                0.3950793154830432,
                null,
                0.29059123566652556,
                0.3152975177018977
            ],
            "use_fake_data": null
        },
        "res_egmq2_csb": {
            "source": "noisysimulation",
            "qubit_pairs_results": [
                {
                    "process_infidelity": 5.814383998503647e-05,
                    "stochastic_infidelity": 2.907234259308389e-05,
                    "theta_error": 0.09585561559381439,
                    "phi_error": 0.0
                },
                {
                    "process_infidelity": 0.0004134117120494496,
                    "stochastic_infidelity": 0.00020672722409731392,
                    "theta_error": 0.09556052525792413,
                    "phi_error": 0.0
                },
                {
                    "process_infidelity": 0.00042401515128887013,
                    "stochastic_infidelity": 0.00021203005401637665,
                    "theta_error": 0.09535601938962612,
                    "phi_error": 0.0
                },
                {
                    "process_infidelity": 7.630803164904165e-06,
                    "stochastic_infidelity": 3.815408861074232e-06,
                    "theta_error": 0.09569635029950074,
                    "phi_error": 0.0
                },
                {
                    "process_infidelity": 4.70721391102602e-05,
                    "stochastic_infidelity": 2.3536346534958064e-05,
                    "theta_error": 0.09594898961184173,
                    "phi_error": 0.0
                },
                {
                    "process_infidelity": 0.0,
                    "stochastic_infidelity": 0.0,
                    "theta_error": 0.09558128441615787,
                    "phi_error": 0.0
                },
                {
                    "process_infidelity": 8.789813651399747e-05,
                    "stochastic_infidelity": 4.395003405976983e-05,
                    "theta_error": 0.09575812187928445,
                    "phi_error": 0.0
                },
                {
                    "process_infidelity": 0.00044749014302869483,
                    "stochastic_infidelity": 0.00022377010804497388,
                    "theta_error": 0.09564271486392872,
                    "phi_error": 0.0
                }
            ]
        },
        "res_egmqm_ghz": {
            "fidelity": [
                0.99996823794678,
                0.9999737354790647,
                0.9987812136158883,
                0.9999792550694736,
                0.9999744175450875,
                0.9999591200206551
            ],
            "qubit_index": [
                0,
                1,
                2,
                3,
                4,
                5,
                6,
                7,
                8
            ],
            "source": "noisysimulation"
        },
        "res_egmqm_stqv": {
            "nqubits_nqubits_2": {
                "total_qubits": 2,
                "quantum_volume": 0,
                "error": null,
                "fidelity": null
            },
            "nqubits_nqubits_3": {
                "total_qubits": 3,
                "quantum_volume": 8,
                "error": null,
                "fidelity": null
            },
            "nqubits_nqubits_4": {
                "total_qubits": 4,
                "quantum_volume": 0,
                "error": null,
                "fidelity": null
            },
            "nqubits_nqubits_5": {
                "total_qubits": 5,
                "quantum_volume": 0,